Position,Name + ID,Name,ID,Roster Position,Salary,Game Info,TeamAbbrev,AvgPointsPerGame,Status
QB,Josh Hoover (44252456),Josh Hoover,44252456,QB/S-FLEX,8900,NW@IU 09/25/2026 08:00PM ET,IU,22.7,
RB,Adam Mohammed (44252564),Adam Mohammed,44252564,RB/FLEX/S-FLEX,8400,CLEM@CAL 09/25/2026 10:30PM ET,CAL,27.8,
QB,Braxton Woodson (44252460),Braxton Woodson,44252460,QB/S-FLEX,8200,NAVY@UAB 09/25/2026 07:00PM ET,NAVY,29.2,Q
QB,Jackson Gutierrez (44252462),Jackson Gutierrez,44252462,QB/S-FLEX,8000,NAVY@UAB 09/25/2026 07:00PM ET,NAVY,21.3,
QB,Jaron-Keawe Sagapolutele (44252465),Jaron-Keawe Sagapolutele,44252465,QB/S-FLEX,7700,CLEM@CAL 09/25/2026 10:30PM ET,CAL,20.2,
QB,Grant Wilson (44252468),Grant Wilson,44252468,QB/S-FLEX,7400,NW@IU 09/25/2026 08:00PM ET,IU,7,
RB,Turbo Richard (44252568),Turbo Richard,44252568,RB/FLEX/S-FLEX,7300,NW@IU 09/25/2026 08:00PM ET,IU,22.6,
WR,Charlie Becker (44252838),Charlie Becker,44252838,WR/FLEX/S-FLEX,7100,NW@IU 09/25/2026 08:00PM ET,IU,26.1,
QB,Tait Reynolds (44252472),Tait Reynolds,44252472,QB/S-FLEX,6900,CLEM@CAL 09/25/2026 10:30PM ET,CLEM,8,
RB,Gideon Davidson (44252572),Gideon Davidson,44252572,RB/FLEX/S-FLEX,6900,CLEM@CAL 09/25/2026 10:30PM ET,CLEM,10,
QB,Jackson Brousseau (44252475),Jackson Brousseau,44252475,QB/S-FLEX,6800,CLEM@CAL 09/25/2026 10:30PM ET,CAL,2,
WR,Nick Marsh (44252843),Nick Marsh,44252843,WR/FLEX/S-FLEX,6800,NW@IU 09/25/2026 08:00PM ET,IU,13.3,
QB,Christopher Vizzina (44252482),Christopher Vizzina,44252482,QB/S-FLEX,6500,CLEM@CAL 09/25/2026 10:30PM ET,CLEM,3.2,P
WR,Ian Strong (44252847),Ian Strong,44252847,WR/FLEX/S-FLEX,6200,CLEM@CAL 09/25/2026 10:30PM ET,CAL,11.5,
RB,Vic Listorti (44252576),Vic Listorti,44252576,RB/FLEX/S-FLEX,6100,NAVY@UAB 09/25/2026 07:00PM ET,NAVY,11.1,
QB,Aidan Chiles (44252487),Aidan Chiles,44252487,QB/S-FLEX,6000,NW@IU 09/25/2026 08:00PM ET,NW,28.3,
WR,Chase Hendricks (44252851),Chase Hendricks,44252851,WR/FLEX/S-FLEX,6000,CLEM@CAL 09/25/2026 10:30PM ET,CAL,17.1,
WR,T.J. Moore (44252855),T.J. Moore,44252855,WR/FLEX/S-FLEX,5700,CLEM@CAL 09/25/2026 10:30PM ET,CLEM,14.7,
QB,Nicco Marchiol (44252490),Nicco Marchiol,44252490,QB/S-FLEX,5600,NW@IU 09/25/2026 08:00PM ET,NW,1.9,
RB,Caleb Komolafe (44252581),Caleb Komolafe,44252581,RB/FLEX/S-FLEX,5600,NW@IU 09/25/2026 08:00PM ET,NW,13,
WR,Griffin Wilde (44252859),Griffin Wilde,44252859,WR/FLEX/S-FLEX,5600,NW@IU 09/25/2026 08:00PM ET,NW,15,
RB,Lee Beebe Jr. (44252586),Lee Beebe Jr.,44252586,RB/FLEX/S-FLEX,5500,NW@IU 09/25/2026 08:00PM ET,IU,11.9,
QB,Ryder Burton (44252477),Ryder Burton,44252477,QB/S-FLEX,5400,NAVY@UAB 09/25/2026 07:00PM ET,UAB,11.4,
WR,Bryant Wesco Jr. (44252863),Bryant Wesco Jr.,44252863,WR/FLEX/S-FLEX,5400,CLEM@CAL 09/25/2026 10:30PM ET,CLEM,8.8,
RB,Rod Robinson II (44252590),Rod Robinson II,44252590,RB/FLEX/S-FLEX,5300,NAVY@UAB 09/25/2026 07:00PM ET,UAB,12.6,
QB,Nate Rogers (44252484),Nate Rogers,44252484,QB/S-FLEX,5000,NAVY@UAB 09/25/2026 07:00PM ET,UAB,4.4,
RB,Joseph Himon II (44252595),Joseph Himon II,44252595,RB/FLEX/S-FLEX,5000,NW@IU 09/25/2026 08:00PM ET,NW,22.8,
RB,Michael Barrow (44252599),Michael Barrow,44252599,RB/FLEX/S-FLEX,4900,NAVY@UAB 09/25/2026 07:00PM ET,NAVY,5.6,
WR,Ty Mims (44252866),Ty Mims,44252866,WR/FLEX/S-FLEX,4900,NAVY@UAB 09/25/2026 07:00PM ET,UAB,7,
RB,Khobie Martin (44252602),Khobie Martin,44252602,RB/FLEX/S-FLEX,4800,NW@IU 09/25/2026 08:00PM ET,IU,0,OUT
RB,Jacob Williams (44252607),Jacob Williams,44252607,RB/FLEX/S-FLEX,4700,NAVY@UAB 09/25/2026 07:00PM ET,NAVY,3.4,
RB,Charles Robinson (44252611),Charles Robinson,44252611,RB/FLEX/S-FLEX,4600,NAVY@UAB 09/25/2026 07:00PM ET,NAVY,13.6,
WR,CJ Smith (44252869),CJ Smith,44252869,WR/FLEX/S-FLEX,4600,NAVY@UAB 09/25/2026 07:00PM ET,UAB,5,
QB,Trent Pearman (44252493),Trent Pearman,44252493,QB/S-FLEX,4500,CLEM@CAL 09/25/2026 10:30PM ET,CLEM,0,
QB,Brock Bradley (44252496),Brock Bradley,44252496,QB/S-FLEX,4500,CLEM@CAL 09/25/2026 10:30PM ET,CLEM,0,
QB,Colson Brown (44252498),Colson Brown,44252498,QB/S-FLEX,4500,CLEM@CAL 09/25/2026 10:30PM ET,CLEM,0,
QB,Tyler Cherry (44252501),Tyler Cherry,44252501,QB/S-FLEX,4500,NW@IU 09/25/2026 08:00PM ET,IU,0.4,
QB,Jacob Bell (44252503),Jacob Bell,44252503,QB/S-FLEX,4500,NW@IU 09/25/2026 08:00PM ET,IU,0,
QB,Maverick Geske (44252505),Maverick Geske,44252505,QB/S-FLEX,4500,NW@IU 09/25/2026 08:00PM ET,IU,0,
QB,Gavin Frakes (44252508),Gavin Frakes,44252508,QB/S-FLEX,4500,NW@IU 09/25/2026 08:00PM ET,NW,0,
QB,Ryan Boe (44252511),Ryan Boe,44252511,QB/S-FLEX,4500,NW@IU 09/25/2026 08:00PM ET,NW,0,
QB,Aidan Gray (44252515),Aidan Gray,44252515,QB/S-FLEX,4500,NW@IU 09/25/2026 08:00PM ET,NW,0,
QB,Sean Winton (44252519),Sean Winton,44252519,QB/S-FLEX,4500,NW@IU 09/25/2026 08:00PM ET,NW,0,
QB,Johnny O'Brien (44252522),Johnny O'Brien,44252522,QB/S-FLEX,4500,NW@IU 09/25/2026 08:00PM ET,NW,0,
QB,EJ Caminong (44252525),EJ Caminong,44252525,QB/S-FLEX,4500,CLEM@CAL 09/25/2026 10:30PM ET,CAL,0,
QB,Nainoa Lopes (44252527),Nainoa Lopes,44252527,QB/S-FLEX,4500,CLEM@CAL 09/25/2026 10:30PM ET,CAL,0,
QB,Alonzo Esparza (44252530),Alonzo Esparza,44252530,QB/S-FLEX,4500,CLEM@CAL 09/25/2026 10:30PM ET,CAL,0,
QB,Dominic Ingrassia (44252533),Dominic Ingrassia,44252533,QB/S-FLEX,4500,CLEM@CAL 09/25/2026 10:30PM ET,CAL,0,
QB,Ryan Brass (44252536),Ryan Brass,44252536,QB/S-FLEX,4500,NAVY@UAB 09/25/2026 07:00PM ET,NAVY,0.3,
QB,Michael Dove (44252539),Michael Dove,44252539,QB/S-FLEX,4500,NAVY@UAB 09/25/2026 07:00PM ET,NAVY,0,
QB,Brady Carmical (44252543),Brady Carmical,44252543,QB/S-FLEX,4500,NAVY@UAB 09/25/2026 07:00PM ET,NAVY,0,
QB,Jett Taylor (44252545),Jett Taylor,44252545,QB/S-FLEX,4500,NAVY@UAB 09/25/2026 07:00PM ET,NAVY,0,
QB,Maverick Chance (44252548),Maverick Chance,44252548,QB/S-FLEX,4500,NAVY@UAB 09/25/2026 07:00PM ET,NAVY,0,
QB,Evan Blouir (44252551),Evan Blouir,44252551,QB/S-FLEX,4500,NAVY@UAB 09/25/2026 07:00PM ET,NAVY,1.6,
QB,Jason Williams Jr. (44252553),Jason Williams Jr.,44252553,QB/S-FLEX,4500,NAVY@UAB 09/25/2026 07:00PM ET,NAVY,0,
QB,Adrian Posse (44252556),Adrian Posse,44252556,QB/S-FLEX,4500,NAVY@UAB 09/25/2026 07:00PM ET,UAB,0,
QB,Cam Jennings (44252559),Cam Jennings,44252559,QB/S-FLEX,4500,NAVY@UAB 09/25/2026 07:00PM ET,UAB,0,
QB,Cal Camp (44252561),Cal Camp,44252561,QB/S-FLEX,4500,NAVY@UAB 09/25/2026 07:00PM ET,UAB,0,
RB,Ashten Emory (44252615),Ashten Emory,44252615,RB/FLEX/S-FLEX,4500,CLEM@CAL 09/25/2026 10:30PM ET,CAL,3.6,
WR,Tyler Brown (44252872),Tyler Brown,44252872,WR/FLEX/S-FLEX,4500,CLEM@CAL 09/25/2026 10:30PM ET,CLEM,8.6,
RB,Chris Johnson Jr. (44252619),Chris Johnson Jr.,44252619,RB/FLEX/S-FLEX,4400,CLEM@CAL 09/25/2026 10:30PM ET,CLEM,1.8,
RB,Bam McReynolds (44252623),Bam McReynolds,44252623,RB/FLEX/S-FLEX,4400,NAVY@UAB 09/25/2026 07:00PM ET,UAB,8.6,
WR,Kaleb Brown (44252875),Kaleb Brown,44252875,WR/FLEX/S-FLEX,4400,NAVY@UAB 09/25/2026 07:00PM ET,UAB,3.2,Q
RB,Mar'Kel Porter (44252627),Mar'Kel Porter,44252627,RB/FLEX/S-FLEX,4300,NW@IU 09/25/2026 08:00PM ET,NW,0,
RB,Ja'Vin Simpkins (44252631),Ja'Vin Simpkins,44252631,RB/FLEX/S-FLEX,4300,NAVY@UAB 09/25/2026 07:00PM ET,UAB,2.1,
WR,Mason Mini (44252878),Mason Mini,44252878,WR/FLEX/S-FLEX,4300,CLEM@CAL 09/25/2026 10:30PM ET,CAL,10.8,
RB,David Eziomume (44252635),David Eziomume,44252635,RB/FLEX/S-FLEX,4200,CLEM@CAL 09/25/2026 10:30PM ET,CLEM,2.4,
RB,Sean Cuono (44252639),Sean Cuono,44252639,RB/FLEX/S-FLEX,4200,NW@IU 09/25/2026 08:00PM ET,IU,2.3,
RB,Gavin Sawchuk (44252643),Gavin Sawchuk,44252643,RB/FLEX/S-FLEX,4200,NW@IU 09/25/2026 08:00PM ET,NW,5.9,
RB,Daniel Anderson (44252647),Daniel Anderson,44252647,RB/FLEX/S-FLEX,4200,NW@IU 09/25/2026 08:00PM ET,NW,1.4,
RB,Carter Vargas (44252652),Carter Vargas,44252652,RB/FLEX/S-FLEX,4200,CLEM@CAL 09/25/2026 10:30PM ET,CAL,4,D
RB,Landon Walker (44252656),Landon Walker,44252656,RB/FLEX/S-FLEX,4200,NAVY@UAB 09/25/2026 07:00PM ET,NAVY,4.9,Q
WR,Davion Chandler (44252881),Davion Chandler,44252881,WR/FLEX/S-FLEX,4200,NW@IU 09/25/2026 08:00PM ET,IU,9.6,
RB,Jarvis Green (44252660),Jarvis Green,44252660,RB/FLEX/S-FLEX,4100,CLEM@CAL 09/25/2026 10:30PM ET,CLEM,1.1,
RB,Jayreon Campbell (44252664),Jayreon Campbell,44252664,RB/FLEX/S-FLEX,4100,NW@IU 09/25/2026 08:00PM ET,IU,2.2,
RB,Marcus Romain (44252668),Marcus Romain,44252668,RB/FLEX/S-FLEX,4100,NW@IU 09/25/2026 08:00PM ET,NW,0.5,
RB,Anthony League (44252672),Anthony League,44252672,RB/FLEX/S-FLEX,4100,CLEM@CAL 09/25/2026 10:30PM ET,CAL,1.8,
RB,Christian Cromer (44252676),Christian Cromer,44252676,RB/FLEX/S-FLEX,4100,NAVY@UAB 09/25/2026 07:00PM ET,NAVY,0.6,
RB,Amari Brundidge (44252680),Amari Brundidge,44252680,RB/FLEX/S-FLEX,4100,NAVY@UAB 09/25/2026 07:00PM ET,UAB,0,
RB,Isaiah Bryant (44252684),Isaiah Bryant,44252684,RB/FLEX/S-FLEX,4100,NAVY@UAB 09/25/2026 07:00PM ET,NAVY,-0.1,
WR,EJ Reid (44252884),EJ Reid,44252884,WR/FLEX/S-FLEX,4100,NAVY@UAB 09/25/2026 07:00PM ET,UAB,10,
RB,Jay Haynes (44252688),Jay Haynes,44252688,RB/FLEX/S-FLEX,4000,CLEM@CAL 09/25/2026 10:30PM ET,CLEM,0,OUT
RB,Peyton Streko (44252692),Peyton Streko,44252692,RB/FLEX/S-FLEX,4000,CLEM@CAL 09/25/2026 10:30PM ET,CLEM,0,OUT
RB,Max Wilson (44252696),Max Wilson,44252696,RB/FLEX/S-FLEX,4000,CLEM@CAL 09/25/2026 10:30PM ET,CLEM,0,
RB,Sean Morris II (44252700),Sean Morris II,44252700,RB/FLEX/S-FLEX,4000,NW@IU 09/25/2026 08:00PM ET,NW,0,
RB,Robby Preckel (44252704),Robby Preckel,44252704,RB/FLEX/S-FLEX,4000,NW@IU 09/25/2026 08:00PM ET,NW,0.1,
RB,Carson Perry-Smith (44252708),Carson Perry-Smith,44252708,RB/FLEX/S-FLEX,4000,CLEM@CAL 09/25/2026 10:30PM ET,CAL,0.6,
RB,Dean-Taylor Chapman (44252712),Dean-Taylor Chapman,44252712,RB/FLEX/S-FLEX,4000,CLEM@CAL 09/25/2026 10:30PM ET,CAL,0,
RB,Victor Santino (44252716),Victor Santino,44252716,RB/FLEX/S-FLEX,4000,CLEM@CAL 09/25/2026 10:30PM ET,CAL,0,
RB,Robert Jones III (44252720),Robert Jones III,44252720,RB/FLEX/S-FLEX,4000,NAVY@UAB 09/25/2026 07:00PM ET,NAVY,0.2,
RB,Andre Gilbert Jr. (44252723),Andre Gilbert Jr.,44252723,RB/FLEX/S-FLEX,4000,NAVY@UAB 09/25/2026 07:00PM ET,NAVY,0.4,
RB,Jeremiah Chalmers (44252727),Jeremiah Chalmers,44252727,RB/FLEX/S-FLEX,4000,NAVY@UAB 09/25/2026 07:00PM ET,NAVY,0,Q
RB,Quinton Ezzard (44252731),Quinton Ezzard,44252731,RB/FLEX/S-FLEX,4000,NAVY@UAB 09/25/2026 07:00PM ET,NAVY,0,
RB,Braeden George (44252735),Braeden George,44252735,RB/FLEX/S-FLEX,4000,NAVY@UAB 09/25/2026 07:00PM ET,NAVY,0,
RB,Jai Hundley (44252739),Jai Hundley,44252739,RB/FLEX/S-FLEX,4000,NAVY@UAB 09/25/2026 07:00PM ET,NAVY,0,
RB,Jadyn Jones (44252743),Jadyn Jones,44252743,RB/FLEX/S-FLEX,4000,NAVY@UAB 09/25/2026 07:00PM ET,NAVY,0,
RB,Stefan Egbe (44252747),Stefan Egbe,44252747,RB/FLEX/S-FLEX,4000,NAVY@UAB 09/25/2026 07:00PM ET,NAVY,1.2,
RB,Aydin Woolfolk (44252751),Aydin Woolfolk,44252751,RB/FLEX/S-FLEX,4000,NAVY@UAB 09/25/2026 07:00PM ET,NAVY,0,
RB,Andersen Cardoza (44252755),Andersen Cardoza,44252755,RB/FLEX/S-FLEX,4000,NAVY@UAB 09/25/2026 07:00PM ET,NAVY,0,
RB,Prosper Akanna (44252759),Prosper Akanna,44252759,RB/FLEX/S-FLEX,4000,NAVY@UAB 09/25/2026 07:00PM ET,NAVY,0,
RB,Santino Sanchez (44252763),Santino Sanchez,44252763,RB/FLEX/S-FLEX,4000,NAVY@UAB 09/25/2026 07:00PM ET,NAVY,0,
RB,Gage Leonard (44252767),Gage Leonard,44252767,RB/FLEX/S-FLEX,4000,NAVY@UAB 09/25/2026 07:00PM ET,NAVY,0.5,
RB,Maddax Fayard (44252771),Maddax Fayard,44252771,RB/FLEX/S-FLEX,4000,NAVY@UAB 09/25/2026 07:00PM ET,NAVY,0,
RB,Tyler Wall (44252775),Tyler Wall,44252775,RB/FLEX/S-FLEX,4000,NAVY@UAB 09/25/2026 07:00PM ET,NAVY,0,
RB,James Cusick II (44252779),James Cusick II,44252779,RB/FLEX/S-FLEX,4000,NAVY@UAB 09/25/2026 07:00PM ET,NAVY,0,
RB,Armoni Spurlock (44252782),Armoni Spurlock,44252782,RB/FLEX/S-FLEX,4000,NAVY@UAB 09/25/2026 07:00PM ET,NAVY,0,
RB,Chris Daley II (44252786),Chris Daley II,44252786,RB/FLEX/S-FLEX,4000,NAVY@UAB 09/25/2026 07:00PM ET,NAVY,0,
RB,Julian Turney (44252790),Julian Turney,44252790,RB/FLEX/S-FLEX,4000,NAVY@UAB 09/25/2026 07:00PM ET,NAVY,0,
RB,Jeremiah Wingfield (44252794),Jeremiah Wingfield,44252794,RB/FLEX/S-FLEX,4000,NAVY@UAB 09/25/2026 07:00PM ET,NAVY,0,
RB,Zyon McKenzie (44252798),Zyon McKenzie,44252798,RB/FLEX/S-FLEX,4000,NAVY@UAB 09/25/2026 07:00PM ET,NAVY,0,
RB,Braeden Stuart (44252802),Braeden Stuart,44252802,RB/FLEX/S-FLEX,4000,NAVY@UAB 09/25/2026 07:00PM ET,NAVY,0,
RB,JP Donovan (44252806),JP Donovan,44252806,RB/FLEX/S-FLEX,4000,NAVY@UAB 09/25/2026 07:00PM ET,NAVY,0,
RB,Ihsaan Alozie (44252810),Ihsaan Alozie,44252810,RB/FLEX/S-FLEX,4000,NAVY@UAB 09/25/2026 07:00PM ET,NAVY,0,
RB,JR Mosley (44252814),JR Mosley,44252814,RB/FLEX/S-FLEX,4000,NAVY@UAB 09/25/2026 07:00PM ET,UAB,0,
RB,Marquise Collins (44252818),Marquise Collins,44252818,RB/FLEX/S-FLEX,4000,NAVY@UAB 09/25/2026 07:00PM ET,UAB,0,
RB,Hudson Higgins (44252822),Hudson Higgins,44252822,RB/FLEX/S-FLEX,4000,NAVY@UAB 09/25/2026 07:00PM ET,UAB,0,
RB,Drew Patterson (44252826),Drew Patterson,44252826,RB/FLEX/S-FLEX,4000,NAVY@UAB 09/25/2026 07:00PM ET,UAB,0,Q
RB,Jayson Moll (44252830),Jayson Moll,44252830,RB/FLEX/S-FLEX,4000,NAVY@UAB 09/25/2026 07:00PM ET,UAB,0,
RB,Rashad Robinson (44252834),Rashad Robinson,44252834,RB/FLEX/S-FLEX,4000,NAVY@UAB 09/25/2026 07:00PM ET,UAB,0,
WR,Jordan Collins (44252887),Jordan Collins,44252887,WR/FLEX/S-FLEX,4000,NAVY@UAB 09/25/2026 07:00PM ET,NAVY,7.4,
WR,Tyler Morris (44252890),Tyler Morris,44252890,WR/FLEX/S-FLEX,3900,NW@IU 09/25/2026 08:00PM ET,IU,2.6,
WR,Hayden Eligon II (44252893),Hayden Eligon II,44252893,WR/FLEX/S-FLEX,3800,NW@IU 09/25/2026 08:00PM ET,NW,1.8,OUT
WR,Cooper Perry (44252896),Cooper Perry,44252896,WR/FLEX/S-FLEX,3700,CLEM@CAL 09/25/2026 10:30PM ET,CAL,6.2,
WR,Christian Bentancur (44252899),Christian Bentancur,44252899,WR/FLEX/S-FLEX,3600,CLEM@CAL 09/25/2026 10:30PM ET,CLEM,4.7,
WR,Luke Dehnicke (44252902),Luke Dehnicke,44252902,WR/FLEX/S-FLEX,3600,NW@IU 09/25/2026 08:00PM ET,NW,5.4,
WR,Drew Wagner (44252906),Drew Wagner,44252906,WR/FLEX/S-FLEX,3500,NW@IU 09/25/2026 08:00PM ET,NW,6.9,
WR,Kyion Grayes (44252911),Kyion Grayes,44252911,WR/FLEX/S-FLEX,3500,CLEM@CAL 09/25/2026 10:30PM ET,CAL,10.1,
WR,Luke Hutchison (44252915),Luke Hutchison,44252915,WR/FLEX/S-FLEX,3400,NAVY@UAB 09/25/2026 07:00PM ET,NAVY,1.9,
WR,Olsen Patt-Henry (44252919),Olsen Patt-Henry,44252919,WR/FLEX/S-FLEX,3400,CLEM@CAL 09/25/2026 10:30PM ET,CLEM,2.8,
WR,Shazz Preston (44252924),Shazz Preston,44252924,WR/FLEX/S-FLEX,3400,NW@IU 09/25/2026 08:00PM ET,IU,6.4,
WR,Jordan King (44252955),Jordan King,44252955,WR/FLEX/S-FLEX,3400,CLEM@CAL 09/25/2026 10:30PM ET,CAL,5.7,
WR,Joshua Guerin (44252960),Joshua Guerin,44252960,WR/FLEX/S-FLEX,3400,NAVY@UAB 09/25/2026 07:00PM ET,NAVY,1,
WR,Dorian Thomas (44252965),Dorian Thomas,44252965,WR/FLEX/S-FLEX,3300,CLEM@CAL 09/25/2026 10:30PM ET,CAL,0.9,
WR,Jaylen Elder (44252969),Jaylen Elder,44252969,WR/FLEX/S-FLEX,3300,NAVY@UAB 09/25/2026 07:00PM ET,UAB,0,Q
WR,Juju Preston (44252973),Juju Preston,44252973,WR/FLEX/S-FLEX,3200,CLEM@CAL 09/25/2026 10:30PM ET,CLEM,1.7,
WR,Brock Schott (44252977),Brock Schott,44252977,WR/FLEX/S-FLEX,3200,NW@IU 09/25/2026 08:00PM ET,IU,1.2,
WR,Taimane Purcell (44252982),Taimane Purcell,44252982,WR/FLEX/S-FLEX,3200,CLEM@CAL 09/25/2026 10:30PM ET,CAL,1.8,
WR,Mark Hamper (44252986),Mark Hamper,44252986,WR/FLEX/S-FLEX,3200,CLEM@CAL 09/25/2026 10:30PM ET,CAL,2.6,
WR,Theo Elwell (44252990),Theo Elwell,44252990,WR/FLEX/S-FLEX,3200,NAVY@UAB 09/25/2026 07:00PM ET,NAVY,0,
WR,Antonio Ferguson (44252994),Antonio Ferguson,44252994,WR/FLEX/S-FLEX,3200,NAVY@UAB 09/25/2026 07:00PM ET,UAB,0,
WR,Tristan Smith (44253000),Tristan Smith,44253000,WR/FLEX/S-FLEX,3100,CLEM@CAL 09/25/2026 10:30PM ET,CLEM,0.5,
WR,Andrew Barker (44253004),Andrew Barker,44253004,WR/FLEX/S-FLEX,3100,NW@IU 09/25/2026 08:00PM ET,IU,0,
WR,Alex Honig (44253008),Alex Honig,44253008,WR/FLEX/S-FLEX,3100,NW@IU 09/25/2026 08:00PM ET,NW,5.3,
WR,Ricky Ahumaraeze (44253013),Ricky Ahumaraeze,44253013,WR/FLEX/S-FLEX,3100,NW@IU 09/25/2026 08:00PM ET,NW,3,
WR,Jake Norris (44253017),Jake Norris,44253017,WR/FLEX/S-FLEX,3100,NAVY@UAB 09/25/2026 07:00PM ET,NAVY,0,
WR,Scott Isacks (44253022),Scott Isacks,44253022,WR/FLEX/S-FLEX,3100,NAVY@UAB 09/25/2026 07:00PM ET,UAB,2,
WR,AJ Johnson (44253026),AJ Johnson,44253026,WR/FLEX/S-FLEX,3100,NAVY@UAB 09/25/2026 07:00PM ET,UAB,0,
WR,Logan Brooking (44253030),Logan Brooking,44253030,WR/FLEX/S-FLEX,3000,CLEM@CAL 09/25/2026 10:30PM ET,CLEM,0,
WR,Charlie Johnson (44253034),Charlie Johnson,44253034,WR/FLEX/S-FLEX,3000,CLEM@CAL 09/25/2026 10:30PM ET,CLEM,0,
WR,Tayveon Wilson (44253038),Tayveon Wilson,44253038,WR/FLEX/S-FLEX,3000,CLEM@CAL 09/25/2026 10:30PM ET,CLEM,0,
WR,Jack Wolf (44253042),Jack Wolf,44253042,WR/FLEX/S-FLEX,3000,CLEM@CAL 09/25/2026 10:30PM ET,CLEM,0,
WR,Naeem Burroughs (44253046),Naeem Burroughs,44253046,WR/FLEX/S-FLEX,3000,CLEM@CAL 09/25/2026 10:30PM ET,CLEM,0,
WR,Cole Turner (44253050),Cole Turner,44253050,WR/FLEX/S-FLEX,3000,CLEM@CAL 09/25/2026 10:30PM ET,CLEM,0,OUT
WR,Chris Denson (44253054),Chris Denson,44253054,WR/FLEX/S-FLEX,3000,CLEM@CAL 09/25/2026 10:30PM ET,CLEM,0,
WR,Gordon Sellars III (44253058),Gordon Sellars III,44253058,WR/FLEX/S-FLEX,3000,CLEM@CAL 09/25/2026 10:30PM ET,CLEM,0.5,
WR,Connor Salmin (44253062),Connor Salmin,44253062,WR/FLEX/S-FLEX,3000,CLEM@CAL 09/25/2026 10:30PM ET,CLEM,0,
WR,Clark Sanderson (44253066),Clark Sanderson,44253066,WR/FLEX/S-FLEX,3000,CLEM@CAL 09/25/2026 10:30PM ET,CLEM,0,
WR,Clay Swinney (44253070),Clay Swinney,44253070,WR/FLEX/S-FLEX,3000,CLEM@CAL 09/25/2026 10:30PM ET,CLEM,0,
WR,Jack Purkerson (44253074),Jack Purkerson,44253074,WR/FLEX/S-FLEX,3000,CLEM@CAL 09/25/2026 10:30PM ET,CLEM,0,
WR,Chase Byrd (44253078),Chase Byrd,44253078,WR/FLEX/S-FLEX,3000,CLEM@CAL 09/25/2026 10:30PM ET,CLEM,0,
WR,Luke Stubbs (44253082),Luke Stubbs,44253082,WR/FLEX/S-FLEX,3000,CLEM@CAL 09/25/2026 10:30PM ET,CLEM,0,
WR,Sam Earle (44253086),Sam Earle,44253086,WR/FLEX/S-FLEX,3000,CLEM@CAL 09/25/2026 10:30PM ET,CLEM,0,
WR,Avery Wieting (44253090),Avery Wieting,44253090,WR/FLEX/S-FLEX,3000,CLEM@CAL 09/25/2026 10:30PM ET,CLEM,0,
WR,Jaylen Brown-Wallace (44253094),Jaylen Brown-Wallace,44253094,WR/FLEX/S-FLEX,3000,CLEM@CAL 09/25/2026 10:30PM ET,CLEM,0,
WR,Cam Blivens (44253098),Cam Blivens,44253098,WR/FLEX/S-FLEX,3000,CLEM@CAL 09/25/2026 10:30PM ET,CLEM,0,
WR,Keil McGriff (44253102),Keil McGriff,44253102,WR/FLEX/S-FLEX,3000,CLEM@CAL 09/25/2026 10:30PM ET,CLEM,0,OUT
WR,Grady Sherrill (44253106),Grady Sherrill,44253106,WR/FLEX/S-FLEX,3000,CLEM@CAL 09/25/2026 10:30PM ET,CLEM,0,
WR,Trevor Gibbs (44253110),Trevor Gibbs,44253110,WR/FLEX/S-FLEX,3000,NW@IU 09/25/2026 08:00PM ET,IU,0,
WR,Blake Thiry (44253114),Blake Thiry,44253114,WR/FLEX/S-FLEX,3000,NW@IU 09/25/2026 08:00PM ET,IU,0,
WR,Parker Elmore (44253118),Parker Elmore,44253118,WR/FLEX/S-FLEX,3000,NW@IU 09/25/2026 08:00PM ET,IU,0,
WR,PJ MacFarlane (44253122),PJ MacFarlane,44253122,WR/FLEX/S-FLEX,3000,NW@IU 09/25/2026 08:00PM ET,IU,0,
WR,Jackson Wasserstrom (44253126),Jackson Wasserstrom,44253126,WR/FLEX/S-FLEX,3000,NW@IU 09/25/2026 08:00PM ET,IU,0.7,
WR,Lebron Bond (44253130),Lebron Bond,44253130,WR/FLEX/S-FLEX,3000,NW@IU 09/25/2026 08:00PM ET,IU,0,OUT
WR,Cade Kaiser (44253134),Cade Kaiser,44253134,WR/FLEX/S-FLEX,3000,NW@IU 09/25/2026 08:00PM ET,IU,0,
WR,Hunter Stroud (44253139),Hunter Stroud,44253139,WR/FLEX/S-FLEX,3000,NW@IU 09/25/2026 08:00PM ET,IU,0,
WR,Bruno Massel IV (44253144),Bruno Massel IV,44253144,WR/FLEX/S-FLEX,3000,NW@IU 09/25/2026 08:00PM ET,IU,0,
WR,Lavar Keys (44253148),Lavar Keys,44253148,WR/FLEX/S-FLEX,3000,NW@IU 09/25/2026 08:00PM ET,IU,0,
WR,Jaidon Van Pelt (44253152),Jaidon Van Pelt,44253152,WR/FLEX/S-FLEX,3000,NW@IU 09/25/2026 08:00PM ET,IU,0,
WR,Kortez Rupert (44253156),Kortez Rupert,44253156,WR/FLEX/S-FLEX,3000,NW@IU 09/25/2026 08:00PM ET,IU,0,
WR,Myles Kendrick (44253160),Myles Kendrick,44253160,WR/FLEX/S-FLEX,3000,NW@IU 09/25/2026 08:00PM ET,IU,0,
WR,Chris Petrucci (44253164),Chris Petrucci,44253164,WR/FLEX/S-FLEX,3000,NW@IU 09/25/2026 08:00PM ET,NW,0,OUT
WR,Blake Van Buren (44253168),Blake Van Buren,44253168,WR/FLEX/S-FLEX,3000,NW@IU 09/25/2026 08:00PM ET,NW,0,
WR,Tyler Kielmeyer (44253173),Tyler Kielmeyer,44253173,WR/FLEX/S-FLEX,3000,NW@IU 09/25/2026 08:00PM ET,NW,0,
WR,Noah LaPorte (44253178),Noah LaPorte,44253178,WR/FLEX/S-FLEX,3000,NW@IU 09/25/2026 08:00PM ET,NW,0,
WR,Tom McGlinchey (44253182),Tom McGlinchey,44253182,WR/FLEX/S-FLEX,3000,NW@IU 09/25/2026 08:00PM ET,NW,0,OUT
WR,Frank Covey IV (44253186),Frank Covey IV,44253186,WR/FLEX/S-FLEX,3000,NW@IU 09/25/2026 08:00PM ET,NW,0,
WR,Carson Grove (44253191),Carson Grove,44253191,WR/FLEX/S-FLEX,3000,NW@IU 09/25/2026 08:00PM ET,NW,0,
WR,Chase Farrell (44253195),Chase Farrell,44253195,WR/FLEX/S-FLEX,3000,NW@IU 09/25/2026 08:00PM ET,NW,0,OUT
WR,Braden Blueitt (44253199),Braden Blueitt,44253199,WR/FLEX/S-FLEX,3000,NW@IU 09/25/2026 08:00PM ET,NW,0,
WR,Cam Russell (44253203),Cam Russell,44253203,WR/FLEX/S-FLEX,3000,NW@IU 09/25/2026 08:00PM ET,NW,0,
WR,Jaden McDuffie (44253208),Jaden McDuffie,44253208,WR/FLEX/S-FLEX,3000,NW@IU 09/25/2026 08:00PM ET,NW,0,
WR,Keaton Reinke (44253212),Keaton Reinke,44253212,WR/FLEX/S-FLEX,3000,NW@IU 09/25/2026 08:00PM ET,NW,0,
WR,Camp Magee (44253216),Camp Magee,44253216,WR/FLEX/S-FLEX,3000,NW@IU 09/25/2026 08:00PM ET,NW,0,
WR,Dube Enongene (44253220),Dube Enongene,44253220,WR/FLEX/S-FLEX,3000,NW@IU 09/25/2026 08:00PM ET,NW,0,
WR,Brennan Saxe (44253224),Brennan Saxe,44253224,WR/FLEX/S-FLEX,3000,NW@IU 09/25/2026 08:00PM ET,NW,0,
WR,Rico Walker (44253228),Rico Walker,44253228,WR/FLEX/S-FLEX,3000,CLEM@CAL 09/25/2026 10:30PM ET,CAL,0,
WR,John Tofi Jr. (44253232),John Tofi Jr.,44253232,WR/FLEX/S-FLEX,3000,CLEM@CAL 09/25/2026 10:30PM ET,CAL,0,
WR,Sosaia Noa (44253236),Sosaia Noa,44253236,WR/FLEX/S-FLEX,3000,CLEM@CAL 09/25/2026 10:30PM ET,CAL,0,
WR,Michael Cooley (44253241),Michael Cooley,44253241,WR/FLEX/S-FLEX,3000,CLEM@CAL 09/25/2026 10:30PM ET,CAL,0,
WR,Jack Olyphant (44253245),Jack Olyphant,44253245,WR/FLEX/S-FLEX,3000,CLEM@CAL 09/25/2026 10:30PM ET,CAL,0,
WR,QuaRon Adams (44253249),QuaRon Adams,44253249,WR/FLEX/S-FLEX,3000,CLEM@CAL 09/25/2026 10:30PM ET,CAL,-1,
WR,Cole Boscia (44253253),Cole Boscia,44253253,WR/FLEX/S-FLEX,3000,CLEM@CAL 09/25/2026 10:30PM ET,CAL,0,
WR,Trevor Rogers (44253258),Trevor Rogers,44253258,WR/FLEX/S-FLEX,3000,CLEM@CAL 09/25/2026 10:30PM ET,CAL,0,
WR,Kai Meza (44253262),Kai Meza,44253262,WR/FLEX/S-FLEX,3000,CLEM@CAL 09/25/2026 10:30PM ET,CAL,0,
WR,EJ Morgan (44253266),EJ Morgan,44253266,WR/FLEX/S-FLEX,3000,CLEM@CAL 09/25/2026 10:30PM ET,CAL,0,
WR,Meyer Swinney (44253270),Meyer Swinney,44253270,WR/FLEX/S-FLEX,3000,CLEM@CAL 09/25/2026 10:30PM ET,CAL,0,
WR,Tyree Sams (44253274),Tyree Sams,44253274,WR/FLEX/S-FLEX,3000,CLEM@CAL 09/25/2026 10:30PM ET,CAL,0,
WR,Drew Hall (44253278),Drew Hall,44253278,WR/FLEX/S-FLEX,3000,NAVY@UAB 09/25/2026 07:00PM ET,NAVY,0,
WR,Gavin Noe (44253282),Gavin Noe,44253282,WR/FLEX/S-FLEX,3000,NAVY@UAB 09/25/2026 07:00PM ET,NAVY,0,
WR,Merrick Barlow (44253286),Merrick Barlow,44253286,WR/FLEX/S-FLEX,3000,NAVY@UAB 09/25/2026 07:00PM ET,NAVY,0,Q
WR,Truman Brasfield (44253290),Truman Brasfield,44253290,WR/FLEX/S-FLEX,3000,NAVY@UAB 09/25/2026 07:00PM ET,NAVY,0,
WR,Casey Smith (44253294),Casey Smith,44253294,WR/FLEX/S-FLEX,3000,NAVY@UAB 09/25/2026 07:00PM ET,NAVY,0,
WR,Arnel Heathington (44253298),Arnel Heathington,44253298,WR/FLEX/S-FLEX,3000,NAVY@UAB 09/25/2026 07:00PM ET,NAVY,0,
WR,Noah Bull (44253302),Noah Bull,44253302,WR/FLEX/S-FLEX,3000,NAVY@UAB 09/25/2026 07:00PM ET,NAVY,0,
WR,Landon Dolhancyk (44253306),Landon Dolhancyk,44253306,WR/FLEX/S-FLEX,3000,NAVY@UAB 09/25/2026 07:00PM ET,NAVY,0,
WR,Gus Anderson (44253310),Gus Anderson,44253310,WR/FLEX/S-FLEX,3000,NAVY@UAB 09/25/2026 07:00PM ET,NAVY,0,
WR,Bash Bodily (44253314),Bash Bodily,44253314,WR/FLEX/S-FLEX,3000,NAVY@UAB 09/25/2026 07:00PM ET,NAVY,0,
WR,Cayden Alula (44253318),Cayden Alula,44253318,WR/FLEX/S-FLEX,3000,NAVY@UAB 09/25/2026 07:00PM ET,NAVY,0,
WR,Akeem Clark (44253322),Akeem Clark,44253322,WR/FLEX/S-FLEX,3000,NAVY@UAB 09/25/2026 07:00PM ET,NAVY,0,
WR,Gabriel Cline (44253326),Gabriel Cline,44253326,WR/FLEX/S-FLEX,3000,NAVY@UAB 09/25/2026 07:00PM ET,UAB,0.5,
WR,Sean Persson (44253330),Sean Persson,44253330,WR/FLEX/S-FLEX,3000,NAVY@UAB 09/25/2026 07:00PM ET,UAB,0,
WR,Brayden Johnson (44253334),Brayden Johnson,44253334,WR/FLEX/S-FLEX,3000,NAVY@UAB 09/25/2026 07:00PM ET,UAB,0,
WR,Braden Teague (44253337),Braden Teague,44253337,WR/FLEX/S-FLEX,3000,NAVY@UAB 09/25/2026 07:00PM ET,UAB,0,
WR,Gage Messick (44253341),Gage Messick,44253341,WR/FLEX/S-FLEX,3000,NAVY@UAB 09/25/2026 07:00PM ET,UAB,0,
WR,Vili Haapasalo (44253347),Vili Haapasalo,44253347,WR/FLEX/S-FLEX,3000,NAVY@UAB 09/25/2026 07:00PM ET,UAB,0,
WR,CD Gill (44253351),CD Gill,44253351,WR/FLEX/S-FLEX,3000,NAVY@UAB 09/25/2026 07:00PM ET,UAB,0,
WR,Jailen Holmes (44253355),Jailen Holmes,44253355,WR/FLEX/S-FLEX,3000,NAVY@UAB 09/25/2026 07:00PM ET,UAB,0,
WR,KJ Daniels (44253361),KJ Daniels,44253361,WR/FLEX/S-FLEX,3000,NAVY@UAB 09/25/2026 07:00PM ET,UAB,1.8,
WR,Lamar White (44253365),Lamar White,44253365,WR/FLEX/S-FLEX,3000,NAVY@UAB 09/25/2026 07:00PM ET,UAB,1.3,
WR,Levi Brayton (44253369),Levi Brayton,44253369,WR/FLEX/S-FLEX,3000,NAVY@UAB 09/25/2026 07:00PM ET,UAB,0,Q
WR,Malik Muhammad (44253373),Malik Muhammad,44253373,WR/FLEX/S-FLEX,3000,NAVY@UAB 09/25/2026 07:00PM ET,UAB,0,
WR,Brogan McNab (44253377),Brogan McNab,44253377,WR/FLEX/S-FLEX,3000,NAVY@UAB 09/25/2026 07:00PM ET,UAB,0,
WR,Bradley Wainwright (44253381),Bradley Wainwright,44253381,WR/FLEX/S-FLEX,3000,NAVY@UAB 09/25/2026 07:00PM ET,UAB,0,
WR,Jayden Skelton (44253385),Jayden Skelton,44253385,WR/FLEX/S-FLEX,3000,NAVY@UAB 09/25/2026 07:00PM ET,UAB,0,
WR,Nick Spears (44253389),Nick Spears,44253389,WR/FLEX/S-FLEX,3000,NAVY@UAB 09/25/2026 07:00PM ET,NAVY,0,
