Entry ID,Contest Name,Contest ID,Entry Fee,P,P,C,1B,2B,3B,SS,OF,OF,OF,,Instructions
5116282767,MLB $25K mini-MAX [150 Entry Max],189703744,$1,,,,,,,,,,,,1. Column A lists all of your contest entries for this draftgroup
5116282768,MLB $25K mini-MAX [150 Entry Max],189703744,$1,,,,,,,,,,,,2. Your current lineup is listed next to each entry (blank for reservations)
5116271371,MLB $20K mini-MAX [150 Entry Max],189703746,$0.50,,,,,,,,,,,,3. You can change the lineup for an entry by entering the IDs of the players in the row next to that entry
5116271372,MLB $20K mini-MAX [150 Entry Max],189703746,$0.50,,,,,,,,,,,,4. Use data from the Name+ID column or the ID column; you cannot use just the player's name
5116271373,MLB $20K mini-MAX [150 Entry Max],189703746,$0.50,,,,,,,,,,,,5. For faster processing only include entries you are changing in the file you upload
5116271374,MLB $20K mini-MAX [150 Entry Max],189703746,$0.50,,,,,,,,,,,,
5116271375,MLB $20K mini-MAX [150 Entry Max],189703746,$0.50,,,,,,,,,,,,Position,Name + ID,Name,ID,Roster Position,Salary,Game Info,TeamAbbrev,AvgPointsPerGame
5116282624,MLB $2K Quarter Jukebox [Just $0.25!],189703747,$0.25,,,,,,,,,,,,SP,Tarik Skubal (42665351),Tarik Skubal,42665351,P,10300,DET@BOS 04/17/2026 07:15PM ET,DET,20.59
5116282625,MLB $2K Quarter Jukebox [Just $0.25!],189703747,$0.25,,,,,,,,,,,,SP,Hunter Brown (42665352),Hunter Brown,42665352,P,10200,STL@HOU 04/17/2026 08:10PM ET,HOU,26.7
5116282626,MLB $2K Quarter Jukebox [Just $0.25!],189703747,$0.25,,,,,,,,,,,,SP,Garrett Crochet (42665353),Garrett Crochet,42665353,P,9900,DET@BOS 04/17/2026 07:15PM ET,BOS,10.59
5116282627,MLB $2K Quarter Jukebox [Just $0.25!],189703747,$0.25,,,,,,,,,,,,SP,Max Fried (42665354),Max Fried,42665354,P,9800,KC@NYY 04/17/2026 07:05PM ET,NYY,17.92
5116282628,MLB $2K Quarter Jukebox [Just $0.25!],189703747,$0.25,,,,,,,,,,,,SP,Dylan Cease (42665356),Dylan Cease,42665356,P,9600,TOR@ARI 04/17/2026 09:40PM ET,TOR,21.58
5116282660,MLB $1.5K Strike Three [5 Entry Max],189703752,$1,,,,,,,,,,,,SP,Gerrit Cole (42665355),Gerrit Cole,42665355,P,9600,KC@NYY 04/17/2026 07:05PM ET,NYY,0
5116282661,MLB $1.5K Strike Three [5 Entry Max],189703752,$1,,,,,,,,,,,,SP,Kevin Gausman (42665359),Kevin Gausman,42665359,P,9500,TOR@ARI 04/17/2026 09:40PM ET,TOR,21.56
5116282150,MLB $2K Daily Dollar [Single Entry],189703759,$1,,,,,,,,,,,,SP,Logan Gilbert (42664892),Logan Gilbert,42664892,P,9500,TEX@SEA 04/17/2026 09:40PM ET,SEA,17.41
5116271243,MLB $300 Dime Time [Just $0.10!],189724737,$0.10,,,,,,,,,,,,SP,Bryan Woo (42665358),Bryan Woo,42665358,P,9500,TEX@SEA 04/17/2026 09:40PM ET,SEA,17.46
5116271244,MLB $300 Dime Time [Just $0.10!],189724737,$0.10,,,,,,,,,,,,SP,Carlos Rodon (42665357),Carlos Rodon,42665357,P,9500,KC@NYY 04/17/2026 07:05PM ET,NYY,0
5116271245,MLB $300 Dime Time [Just $0.10!],189724737,$0.10,,,,,,,,,,,,SP,Jacob Misiorowski (42665360),Jacob Misiorowski,42665360,P,9300,MIL@MIA 04/17/2026 07:10PM ET,MIL,22.09
5116271246,MLB $300 Dime Time [Just $0.10!],189724737,$0.10,,,,,,,,,,,,SP,Brandon Woodruff (42665361),Brandon Woodruff,42665361,P,9200,MIL@MIA 04/17/2026 07:10PM ET,MIL,15.37
5116271247,MLB $300 Dime Time [Just $0.10!],189724737,$0.10,,,,,,,,,,,,SP,Yoshinobu Yamamoto (42665362),Yoshinobu Yamamoto,42665362,P,9200,LAD@COL 04/17/2026 08:40PM ET,LAD,20.64
5116271248,MLB $300 Dime Time [Just $0.10!],189724737,$0.10,,,,,,,,,,,,SP,Jacob deGrom (42664893),Jacob deGrom,42664893,P,9200,TEX@SEA 04/17/2026 09:40PM ET,TEX,21.42
5116271249,MLB $300 Dime Time [Just $0.10!],189724737,$0.10,,,,,,,,,,,,SP,Sandy Alcantara (42665364),Sandy Alcantara,42665364,P,9100,MIL@MIA 04/17/2026 07:10PM ET,MIA,22.76
5116271250,MLB $300 Dime Time [Just $0.10!],189724737,$0.10,,,,,,,,,,,,SP,Blake Snell (42665363),Blake Snell,42665363,P,9100,LAD@COL 04/17/2026 08:40PM ET,LAD,0
5116271251,MLB $300 Dime Time [Just $0.10!],189724737,$0.10,,,,,,,,,,,,RP,Kyle Harrison (42665365),Kyle Harrison,42665365,P,9000,MIL@MIA 04/17/2026 07:10PM ET,MIL,15.6
5116271252,MLB $300 Dime Time [Just $0.10!],189724737,$0.10,,,,,,,,,,,,SP,MacKenzie Gore (42665367),MacKenzie Gore,42665367,P,9000,TEX@SEA 04/17/2026 09:40PM ET,TEX,21.71
5116271253,MLB $300 Dime Time [Just $0.10!],189724737,$0.10,,,,,,,,,,,,SP,Kris Bubic (42665366),Kris Bubic,42665366,P,9000,KC@NYY 04/17/2026 07:05PM ET,KC,19.15
5116271254,MLB $300 Dime Time [Just $0.10!],189724737,$0.10,,,,,,,,,,,,SP,Cole Ragans (42665368),Cole Ragans,42665368,P,9000,KC@NYY 04/17/2026 07:05PM ET,KC,10.42
5116271255,MLB $300 Dime Time [Just $0.10!],189724737,$0.10,,,,,,,,,,,,SP,Logan Henderson (42665369),Logan Henderson,42665369,P,8900,MIL@MIA 04/17/2026 07:10PM ET,MIL,4.1
5116271256,MLB $300 Dime Time [Just $0.10!],189724737,$0.10,,,,,,,,,,,,SP,Tyler Glasnow (42664894),Tyler Glasnow,42664894,P,8900,LAD@COL 04/17/2026 08:40PM ET,LAD,20.77
5116271257,MLB $300 Dime Time [Just $0.10!],189724737,$0.10,,,,,,,,,,,,SP,Corbin Burnes (42665372),Corbin Burnes,42665372,P,8800,TOR@ARI 04/17/2026 09:40PM ET,ARI,0
5116271258,MLB $300 Dime Time [Just $0.10!],189724737,$0.10,,,,,,,,,,,,SP,Chase Burns (42665371),Chase Burns,42665371,P,8800,CIN@MIN 04/17/2026 08:10PM ET,CIN,17.96
5116271259,MLB $300 Dime Time [Just $0.10!],189724737,$0.10,,,,,,,,,,,,SP,Jack Leiter (42665373),Jack Leiter,42665373,P,8800,TEX@SEA 04/17/2026 09:40PM ET,TEX,14.29
5116271260,MLB $300 Dime Time [Just $0.10!],189724737,$0.10,,,,,,,,,,,,RP,Seth Lugo (42665370),Seth Lugo,42665370,P,8800,KC@NYY 04/17/2026 07:05PM ET,KC,19.59
5116271261,MLB $300 Dime Time [Just $0.10!],189724737,$0.10,,,,,,,,,,,,SP,Will Warren (42665374),Will Warren,42665374,P,8800,KC@NYY 04/17/2026 07:05PM ET,NYY,15.21
5116271262,MLB $300 Dime Time [Just $0.10!],189724737,$0.10,,,,,,,,,,,,SP,Joe Ryan (42664895),Joe Ryan,42664895,P,8700,CIN@MIN 04/17/2026 08:10PM ET,MIN,17.05
5116271198,MLB $300 Dime Time [Just $0.10!],189729052,$0.10,,,,,,,,,,,,SP,Luis Castillo (42665375),Luis Castillo,42665375,P,8700,TEX@SEA 04/17/2026 09:40PM ET,SEA,8.21
5116271199,MLB $300 Dime Time [Just $0.10!],189729052,$0.10,,,,,,,,,,,,SP,Clarke Schmidt (42665376),Clarke Schmidt,42665376,P,8700,KC@NYY 04/17/2026 07:05PM ET,NYY,0
5116271200,MLB $300 Dime Time [Just $0.10!],189729052,$0.10,,,,,,,,,,,,SP,Emerson Hancock (42665377),Emerson Hancock,42665377,P,8600,TEX@SEA 04/17/2026 09:40PM ET,SEA,21.96
5116271201,MLB $300 Dime Time [Just $0.10!],189729052,$0.10,,,,,,,,,,,,SP,George Kirby (42665378),George Kirby,42665378,P,8600,TEX@SEA 04/17/2026 09:40PM ET,SEA,20.14
5116271202,MLB $300 Dime Time [Just $0.10!],189729052,$0.10,,,,,,,,,,,,SP,Hunter Greene (42665380),Hunter Greene,42665380,P,8500,CIN@MIN 04/17/2026 08:10PM ET,CIN,0
5116271203,MLB $300 Dime Time [Just $0.10!],189729052,$0.10,,,,,,,,,,,,SP,Nathan Eovaldi (42665379),Nathan Eovaldi,42665379,P,8500,TEX@SEA 04/17/2026 09:40PM ET,TEX,15.74
5116271204,MLB $300 Dime Time [Just $0.10!],189729052,$0.10,,,,,,,,,,,,SP,Cam Schlittler (42664896),Cam Schlittler,42664896,P,8500,KC@NYY 04/17/2026 07:05PM ET,NYY,23.79
5116271205,MLB $300 Dime Time [Just $0.10!],189729052,$0.10,,,,,,,,,,,,SP,Ronel Blanco (42665382),Ronel Blanco,42665382,P,8400,STL@HOU 04/17/2026 08:10PM ET,HOU,0
5116271206,MLB $300 Dime Time [Just $0.10!],189729052,$0.10,,,,,,,,,,,,SP,Nick Pivetta (42665381),Nick Pivetta,42665381,P,8400,SD@LAA 04/17/2026 09:38PM ET,SD,15.3
5116271207,MLB $300 Dime Time [Just $0.10!],189729052,$0.10,,,,,,,,,,,,SP,Pablo Lopez (42665383),Pablo Lopez,42665383,P,8300,CIN@MIN 04/17/2026 08:10PM ET,MIN,0
5116271208,MLB $300 Dime Time [Just $0.10!],189729052,$0.10,,,,,,,,,,,,SP,Tatsuya Imai (42665384),Tatsuya Imai,42665384,P,8300,STL@HOU 04/17/2026 08:10PM ET,HOU,8.03
5116271209,MLB $300 Dime Time [Just $0.10!],189729052,$0.10,,,,,,,,,,,,SP,Michael Wacha (42664897),Michael Wacha,42664897,P,8300,KC@NYY 04/17/2026 07:05PM ET,KC,25.88
5116271210,MLB $300 Dime Time [Just $0.10!],189729052,$0.10,,,,,,,,,,,,SP,Trey Yesavage (42665387),Trey Yesavage,42665387,P,8200,TOR@ARI 04/17/2026 09:40PM ET,TOR,0
5116271211,MLB $300 Dime Time [Just $0.10!],189729052,$0.10,,,,,,,,,,,,SP,Emmet Sheehan (42665385),Emmet Sheehan,42665385,P,8200,LAD@COL 04/17/2026 08:40PM ET,LAD,11.52
5116271212,MLB $300 Dime Time [Just $0.10!],189729052,$0.10,,,,,,,,,,,,RP,Jose Soriano (42664898),Jose Soriano,42664898,P,8200,SD@LAA 04/17/2026 09:38PM ET,LAA,31.49
5116271213,MLB $300 Dime Time [Just $0.10!],189729052,$0.10,,,,,,,,,,,,SP,Randy Vasquez (42665386),Randy Vasquez,42665386,P,8200,SD@LAA 04/17/2026 09:38PM ET,SD,18.34
5116271214,MLB $300 Dime Time [Just $0.10!],189729052,$0.10,,,,,,,,,,,,RP,Michael King (42665388),Michael King,42665388,P,8200,SD@LAA 04/17/2026 09:38PM ET,SD,16.9
5116271215,MLB $300 Dime Time [Just $0.10!],189729052,$0.10,,,,,,,,,,,,SP,Jose Berrios (42665389),Jose Berrios,42665389,P,8100,TOR@ARI 04/17/2026 09:40PM ET,TOR,0
5116271216,MLB $300 Dime Time [Just $0.10!],189729052,$0.10,,,,,,,,,,,,SP,Ranger Suarez (42664899),Ranger Suarez,42664899,P,8100,DET@BOS 04/17/2026 07:15PM ET,BOS,9.88
5116271217,MLB $300 Dime Time [Just $0.10!],189729052,$0.10,,,,,,,,,,,,SP,Connelly Early (42665390),Connelly Early,42665390,P,8100,DET@BOS 04/17/2026 07:15PM ET,BOS,15.51
5116282578,MLB $300 Quarter Jukebox [Just $0.25!],189729325,$0.25,,,,,,,,,,,,SP,Shane Bieber (42665393),Shane Bieber,42665393,P,8000,TOR@ARI 04/17/2026 09:40PM ET,TOR,0
5116282579,MLB $300 Quarter Jukebox [Just $0.25!],189729325,$0.25,,,,,,,,,,,,SP,Casey Mize (42664900),Casey Mize,42664900,P,8000,DET@BOS 04/17/2026 07:15PM ET,DET,16.07
5116282580,MLB $300 Quarter Jukebox [Just $0.25!],189729325,$0.25,,,,,,,,,,,,SP,Sonny Gray (42665394),Sonny Gray,42665394,P,8000,DET@BOS 04/17/2026 07:15PM ET,BOS,9.89
5116282581,MLB $300 Quarter Jukebox [Just $0.25!],189729325,$0.25,,,,,,,,,,,,SP,Rhett Lowder (42665391),Rhett Lowder,42665391,P,8000,CIN@MIN 04/17/2026 08:10PM ET,CIN,14.04
5116282582,MLB $300 Quarter Jukebox [Just $0.25!],189729325,$0.25,,,,,,,,,,,,SP,Brady Singer (42665392),Brady Singer,42665392,P,8000,CIN@MIN 04/17/2026 08:10PM ET,CIN,7.64
,,,,,,,,,,,,,,,SP,Noah Cameron (42665395),Noah Cameron,42665395,P,8000,KC@NYY 04/17/2026 07:05PM ET,KC,14
,,,,,,,,,,,,,,,RP,Michael Soroka (42664901),Michael Soroka,42664901,P,7900,TOR@ARI 04/17/2026 09:40PM ET,ARI,23.35
,,,,,,,,,,,,,,,SP,Nick Lodolo (42665396),Nick Lodolo,42665396,P,7900,CIN@MIN 04/17/2026 08:10PM ET,CIN,0
,,,,,,,,,,,,,,,SP,Logan Evans (42665397),Logan Evans,42665397,P,7900,TEX@SEA 04/17/2026 09:40PM ET,SEA,0
,,,,,,,,,,,,,,,RP,Cooper Criswell (42665398),Cooper Criswell,42665398,P,7900,TEX@SEA 04/17/2026 09:40PM ET,SEA,4.38
,,,,,,,,,,,,,,,SP,Bryce Miller (42665400),Bryce Miller,42665400,P,7900,TEX@SEA 04/17/2026 09:40PM ET,SEA,0
,,,,,,,,,,,,,,,RP,Ryan Weathers (42665399),Ryan Weathers,42665399,P,7900,KC@NYY 04/17/2026 07:05PM ET,NYY,16.46
,,,,,,,,,,,,,,,SP,Noah Schultz (42665404),Noah Schultz,42665404,P,7800,CWS@ATH 04/17/2026 09:40PM ET,CWS,7.55
,,,,,,,,,,,,,,,SP,Eduardo Rodriguez (42665403),Eduardo Rodriguez,42665403,P,7800,TOR@ARI 04/17/2026 09:40PM ET,ARI,14.24
,,,,,,,,,,,,,,,SP,Chad Patrick (42665405),Chad Patrick,42665405,P,7800,MIL@MIA 04/17/2026 07:10PM ET,MIL,11.89
,,,,,,,,,,,,,,,SP,Lance McCullers Jr. (42664902),Lance McCullers Jr.,42664902,P,7800,STL@HOU 04/17/2026 08:10PM ET,HOU,13.5
,,,,,,,,,,,,,,,RP,Ryan Yarbrough (42665401),Ryan Yarbrough,42665401,P,7800,KC@NYY 04/17/2026 07:05PM ET,NYY,1.76
,,,,,,,,,,,,,,,SP,Luis Gil (42665402),Luis Gil,42665402,P,7800,KC@NYY 04/17/2026 07:05PM ET,NYY,5.92
,,,,,,,,,,,,,,,RP,Eric Lauer (42664903),Eric Lauer,42664903,P,7700,TOR@ARI 04/17/2026 09:40PM ET,TOR,7.5
,,,,,,,,,,,,,,,SP,Merrill Kelly (42665406),Merrill Kelly,42665406,P,7700,TOR@ARI 04/17/2026 09:40PM ET,ARI,12.6
,,,,,,,,,,,,,,,SP,Eury Perez (42665407),Eury Perez,42665407,P,7700,MIL@MIA 04/17/2026 07:10PM ET,MIA,11.3
,,,,,,,,,,,,,,,SP,Max Meyer (42665408),Max Meyer,42665408,P,7700,MIL@MIA 04/17/2026 07:10PM ET,MIA,13.66
,,,,,,,,,,,,,,,SP,Grayson Rodriguez (42665409),Grayson Rodriguez,42665409,P,7700,SD@LAA 04/17/2026 09:38PM ET,LAA,0
,,,,,,,,,,,,,,,SP,Max Scherzer (42665412),Max Scherzer,42665412,P,7600,TOR@ARI 04/17/2026 09:40PM ET,TOR,4.55
,,,,,,,,,,,,,,,SP,Andrew Abbott (42665410),Andrew Abbott,42665410,P,7600,CIN@MIN 04/17/2026 08:10PM ET,CIN,5.65
,,,,,,,,,,,,,,,SP,Quinn Priester (42665416),Quinn Priester,42665416,P,7600,MIL@MIA 04/17/2026 07:10PM ET,MIL,0
,,,,,,,,,,,,,,,SP,Spencer Arrighetti (42665411),Spencer Arrighetti,42665411,P,7600,STL@HOU 04/17/2026 08:10PM ET,HOU,30.7
,,,,,,,,,,,,,,,SP,Joe Musgrove (42665413),Joe Musgrove,42665413,P,7600,SD@LAA 04/17/2026 09:38PM ET,SD,0
,,,,,,,,,,,,,,,RP,Jhony Brito (42665414),Jhony Brito,42665414,P,7600,SD@LAA 04/17/2026 09:38PM ET,SD,0
,,,,,,,,,,,,,,,SP,Kyle Hart (42665415),Kyle Hart,42665415,P,7600,SD@LAA 04/17/2026 09:38PM ET,SD,2.72
,,,,,,,,,,,,,,,SP,Davis Martin (42664904),Davis Martin,42664904,P,7500,CWS@ATH 04/17/2026 09:40PM ET,CWS,18.63
,,,,,,,,,,,,,,,RP,Framber Valdez (42665421),Framber Valdez,42665421,P,7500,DET@BOS 04/17/2026 07:15PM ET,DET,11.35
,,,,,,,,,,,,,,,SP,Jack Flaherty (42665422),Jack Flaherty,42665422,P,7500,DET@BOS 04/17/2026 07:15PM ET,DET,12.6
,,,,,,,,,,,,,,,SP,Walker Buehler (42665417),Walker Buehler,42665417,P,7500,SD@LAA 04/17/2026 09:38PM ET,SD,11.99
,,,,,,,,,,,,,,,SP,German Marquez (42665418),German Marquez,42665418,P,7500,SD@LAA 04/17/2026 09:38PM ET,SD,9.35
,,,,,,,,,,,,,,,SP,JP Sears (42665419),JP Sears,42665419,P,7500,SD@LAA 04/17/2026 09:38PM ET,SD,0
,,,,,,,,,,,,,,,SP,Griffin Canning (42665420),Griffin Canning,42665420,P,7500,SD@LAA 04/17/2026 09:38PM ET,SD,0
,,,,,,,,,,,,,,,RP,Aaron Civale (42664905),Aaron Civale,42664905,P,7400,CWS@ATH 04/17/2026 09:40PM ET,ATH,17.42
,,,,,,,,,,,,,,,SP,Cody Ponce (42665423),Cody Ponce,42665423,P,7400,TOR@ARI 04/17/2026 09:40PM ET,TOR,8.05
,,,,,,,,,,,,,,,SP,Reese Olson (42665429),Reese Olson,42665429,P,7400,DET@BOS 04/17/2026 07:15PM ET,DET,0
,,,,,,,,,,,,,,,SP,Taj Bradley (42665424),Taj Bradley,42665424,P,7400,CIN@MIN 04/17/2026 08:10PM ET,MIN,23.84
,,,,,,,,,,,,,,,SP,Zebby Matthews (42665425),Zebby Matthews,42665425,P,7400,CIN@MIN 04/17/2026 08:10PM ET,MIN,0
,,,,,,,,,,,,,,,SP,Simeon Woods Richardson (42665430),Simeon Woods Richardson,42665430,P,7400,CIN@MIN 04/17/2026 08:10PM ET,MIN,5.18
,,,,,,,,,,,,,,,SP,Mick Abel (42665431),Mick Abel,42665431,P,7400,CIN@MIN 04/17/2026 08:10PM ET,MIN,14.19
,,,,,,,,,,,,,,,SP,Bailey Ober (42665434),Bailey Ober,42665434,P,7400,CIN@MIN 04/17/2026 08:10PM ET,MIN,10.16
,,,,,,,,,,,,,,,SP,J.P. France (42665426),J.P. France,42665426,P,7400,STL@HOU 04/17/2026 08:10PM ET,HOU,1.25
,,,,,,,,,,,,,,,SP,AJ Blubaugh (42665427),AJ Blubaugh,42665427,P,7400,STL@HOU 04/17/2026 08:10PM ET,HOU,2.66
,,,,,,,,,,,,,,,SP,Brandon Walter (42665428),Brandon Walter,42665428,P,7400,STL@HOU 04/17/2026 08:10PM ET,HOU,0
,,,,,,,,,,,,,,,RP,Jason Alexander (42665432),Jason Alexander,42665432,P,7400,STL@HOU 04/17/2026 08:10PM ET,HOU,0
,,,,,,,,,,,,,,,RP,Hayden Wesneski (42665433),Hayden Wesneski,42665433,P,7400,STL@HOU 04/17/2026 08:10PM ET,HOU,0
,,,,,,,,,,,,,,,SP,Colton Gordon (42665435),Colton Gordon,42665435,P,7400,STL@HOU 04/17/2026 08:10PM ET,HOU,4.85
,,,,,,,,,,,,,,,SP,Mike Burrows (42665436),Mike Burrows,42665436,P,7400,STL@HOU 04/17/2026 08:10PM ET,HOU,8.22
,,,,,,,,,,,,,,,RP,Jeffrey Springs (42665439),Jeffrey Springs,42665439,P,7300,CWS@ATH 04/17/2026 09:40PM ET,ATH,22.02
,,,,,,,,,,,,,,,RP,J.T. Ginn (42665441),J.T. Ginn,42665441,P,7300,CWS@ATH 04/17/2026 09:40PM ET,ATH,7.43
,,,,,,,,,,,,,,,SP,Justin Verlander (42665438),Justin Verlander,42665438,P,7300,DET@BOS 04/17/2026 07:15PM ET,DET,-4.55
,,,,,,,,,,,,,,,SP,Keider Montero (42665442),Keider Montero,42665442,P,7300,DET@BOS 04/17/2026 07:15PM ET,DET,16.78
,,,,,,,,,,,,,,,SP,Cristian Javier (42665437),Cristian Javier,42665437,P,7300,STL@HOU 04/17/2026 08:10PM ET,HOU,-3.8
,,,,,,,,,,,,,,,RP,Cody Bolton (42665440),Cody Bolton,42665440,P,7300,STL@HOU 04/17/2026 08:10PM ET,HOU,7.25
,,,,,,,,,,,,,,,RP,Anthony Kay (42665443),Anthony Kay,42665443,P,7200,CWS@ATH 04/17/2026 09:40PM ET,CWS,10.5
,,,,,,,,,,,,,,,RP,Janson Junk (42664906),Janson Junk,42664906,P,7200,MIL@MIA 04/17/2026 07:10PM ET,MIA,10.97
,,,,,,,,,,,,,,,SP,Coleman Crow (42665448),Coleman Crow,42665448,P,7200,MIL@MIA 04/17/2026 07:10PM ET,MIL,0
,,,,,,,,,,,,,,,RP,Jake Woodford (42665449),Jake Woodford,42665449,P,7200,MIL@MIA 04/17/2026 07:10PM ET,MIL,3.7
,,,,,,,,,,,,,,,SP,Brandon Sproat (42665450),Brandon Sproat,42665450,P,7200,MIL@MIA 04/17/2026 07:10PM ET,MIL,6.71
,,,,,,,,,,,,,,,SP,River Ryan (42665444),River Ryan,42665444,P,7200,LAD@COL 04/17/2026 08:40PM ET,LAD,0
,,,,,,,,,,,,,,,SP,Gavin Stone (42665445),Gavin Stone,42665445,P,7200,LAD@COL 04/17/2026 08:40PM ET,LAD,0
,,,,,,,,,,,,,,,SP,Bobby Miller (42665446),Bobby Miller,42665446,P,7200,LAD@COL 04/17/2026 08:40PM ET,LAD,0
,,,,,,,,,,,,,,,SP,Landon Knack (42665447),Landon Knack,42665447,P,7200,LAD@COL 04/17/2026 08:40PM ET,LAD,0
,,,,,,,,,,,,,,,RP,Shane Drohan (42665452),Shane Drohan,42665452,P,7100,MIL@MIA 04/17/2026 07:10PM ET,MIL,-0.2
,,,,,,,,,,,,,,,SP,Justin Wrobleski (42665451),Justin Wrobleski,42665451,P,7100,LAD@COL 04/17/2026 08:40PM ET,LAD,14.15
,,,,,,,,,,,,,,,SP,Roki Sasaki (42665453),Roki Sasaki,42665453,P,7100,LAD@COL 04/17/2026 08:40PM ET,LAD,8.95
,,,,,,,,,,,,,,,SP,Matt Waldron (42664907),Matt Waldron,42664907,P,7100,SD@LAA 04/17/2026 09:38PM ET,SD,0
,,,,,,,,,,,,,,,SP,Brayan Bello (42665458),Brayan Bello,42665458,P,7000,DET@BOS 04/17/2026 07:15PM ET,BOS,6.07
,,,,,,,,,,,,,,,1B/OF,Shohei Ohtani (42664912),Shohei Ohtani,42664912,1B/OF,7000,LAD@COL 04/17/2026 08:40PM ET,LAD,8.83
,,,,,,,,,,,,,,,RP,Cody Bradford (42665454),Cody Bradford,42665454,P,7000,TEX@SEA 04/17/2026 09:40PM ET,TEX,0
,,,,,,,,,,,,,,,SP,Jordan Montgomery (42665455),Jordan Montgomery,42665455,P,7000,TEX@SEA 04/17/2026 09:40PM ET,TEX,0
,,,,,,,,,,,,,,,RP,Jakob Junis (42665456),Jakob Junis,42665456,P,7000,TEX@SEA 04/17/2026 09:40PM ET,TEX,2.78
,,,,,,,,,,,,,,,RP,Jacob Latz (42665457),Jacob Latz,42665457,P,7000,TEX@SEA 04/17/2026 09:40PM ET,TEX,4.23
,,,,,,,,,,,,,,,SP,Kumar Rocker (42665459),Kumar Rocker,42665459,P,7000,TEX@SEA 04/17/2026 09:40PM ET,TEX,11.07
,,,,,,,,,,,,,,,SP,Joey Estes (42665467),Joey Estes,42665467,P,6900,CWS@ATH 04/17/2026 09:40PM ET,ATH,0
,,,,,,,,,,,,,,,RP,Hogan Harris (42665468),Hogan Harris,42665468,P,6900,CWS@ATH 04/17/2026 09:40PM ET,ATH,3.1
,,,,,,,,,,,,,,,SP,Luis Medina (42665469),Luis Medina,42665469,P,6900,CWS@ATH 04/17/2026 09:40PM ET,ATH,3.9
,,,,,,,,,,,,,,,RP,Jack Perkins (42665470),Jack Perkins,42665470,P,6900,CWS@ATH 04/17/2026 09:40PM ET,ATH,5.08
,,,,,,,,,,,,,,,SP,Luis Morales (42665471),Luis Morales,42665471,P,6900,CWS@ATH 04/17/2026 09:40PM ET,ATH,-3.35
,,,,,,,,,,,,,,,SP,Yilber Diaz (42665466),Yilber Diaz,42665466,P,6900,TOR@ARI 04/17/2026 09:40PM ET,ARI,0
,,,,,,,,,,,,,,,SP,Alec Marsh (42665460),Alec Marsh,42665460,P,6900,KC@NYY 04/17/2026 07:05PM ET,KC,0
,,,,,,,,,,,,,,,RP,Mason Black (42665461),Mason Black,42665461,P,6900,KC@NYY 04/17/2026 07:05PM ET,KC,0
,,,,,,,,,,,,,,,RP,Luinder Avila (42665462),Luinder Avila,42665462,P,6900,KC@NYY 04/17/2026 07:05PM ET,KC,1.35
,,,,,,,,,,,,,,,RP,Bailey Falter (42665463),Bailey Falter,42665463,P,6900,KC@NYY 04/17/2026 07:05PM ET,KC,-0.25
,,,,,,,,,,,,,,,RP,Daniel Lynch IV (42665464),Daniel Lynch IV,42665464,P,6900,KC@NYY 04/17/2026 07:05PM ET,KC,4.52
,,,,,,,,,,,,,,,RP,Stephen Kolek (42665465),Stephen Kolek,42665465,P,6900,KC@NYY 04/17/2026 07:05PM ET,KC,0
,,,,,,,,,,,,,,,SP,Gunnar Hoglund (42665474),Gunnar Hoglund,42665474,P,6800,CWS@ATH 04/17/2026 09:40PM ET,ATH,0
,,,,,,,,,,,,,,,SP,Luis Severino (42665476),Luis Severino,42665476,P,6800,CWS@ATH 04/17/2026 09:40PM ET,ATH,11.92
,,,,,,,,,,,,,,,RP,Jacob Lopez (42665477),Jacob Lopez,42665477,P,6800,CWS@ATH 04/17/2026 09:40PM ET,ATH,7.41
,,,,,,,,,,,,,,,SP,Ryne Nelson (42665475),Ryne Nelson,42665475,P,6800,TOR@ARI 04/17/2026 09:40PM ET,ARI,14.79
,,,,,,,,,,,,,,,SP,Zac Gallen (42665478),Zac Gallen,42665478,P,6800,TOR@ARI 04/17/2026 09:40PM ET,ARI,9.4
,,,,,,,,,,,,,,,SP,Brandon Pfaadt (42665479),Brandon Pfaadt,42665479,P,6800,TOR@ARI 04/17/2026 09:40PM ET,ARI,7.7
,,,,,,,,,,,,,,,SP,Brandon Williamson (42664908),Brandon Williamson,42664908,P,6800,CIN@MIN 04/17/2026 08:10PM ET,CIN,9.1
,,,,,,,,,,,,,,,RP,Ryan Bergert (42665472),Ryan Bergert,42665472,P,6800,KC@NYY 04/17/2026 07:05PM ET,KC,0
,,,,,,,,,,,,,,,RP,Mitch Spence (42665473),Mitch Spence,42665473,P,6800,KC@NYY 04/17/2026 07:05PM ET,KC,0
,,,,,,,,,,,,,,,SP,Chase Petty (42665480),Chase Petty,42665480,P,6700,CIN@MIN 04/17/2026 08:10PM ET,CIN,0
,,,,,,,,,,,,,,,SP,Michael McGreevy (42665481),Michael McGreevy,42665481,P,6700,STL@HOU 04/17/2026 08:10PM ET,STL,13.49
,,,,,,,,,,,,,,,SP,Reid Detmers (42665482),Reid Detmers,42665482,P,6600,SD@LAA 04/17/2026 09:38PM ET,LAA,18.35
,,,,,,,,,,,,,,,SP,Jack Kochanowicz (42665483),Jack Kochanowicz,42665483,P,6600,SD@LAA 04/17/2026 09:38PM ET,LAA,15.28
,,,,,,,,,,,,,,,OF,Aaron Judge (42664914),Aaron Judge,42664914,OF,6600,KC@NYY 04/17/2026 07:05PM ET,NYY,10.74
,,,,,,,,,,,,,,,SP,Drew Thorpe (42665489),Drew Thorpe,42665489,P,6500,CWS@ATH 04/17/2026 09:40PM ET,CWS,0
,,,,,,,,,,,,,,,RP,Mike Vasil (42665490),Mike Vasil,42665490,P,6500,CWS@ATH 04/17/2026 09:40PM ET,CWS,0
,,,,,,,,,,,,,,,RP,Sean Newcomb (42665491),Sean Newcomb,42665491,P,6500,CWS@ATH 04/17/2026 09:40PM ET,CWS,3.51
,,,,,,,,,,,,,,,SP,Sean Burke (42665493),Sean Burke,42665493,P,6500,CWS@ATH 04/17/2026 09:40PM ET,CWS,10.89
,,,,,,,,,,,,,,,RP,Shane Smith (42665496),Shane Smith,42665496,P,6500,CWS@ATH 04/17/2026 09:40PM ET,CWS,2.52
,,,,,,,,,,,,,,,SP,Jackson Jobe (42665494),Jackson Jobe,42665494,P,6500,DET@BOS 04/17/2026 07:15PM ET,DET,0
,,,,,,,,,,,,,,,SP,Troy Melton (42665495),Troy Melton,42665495,P,6500,DET@BOS 04/17/2026 07:15PM ET,DET,0
,,,,,,,,,,,,,,,SP,Marco Raya (42665484),Marco Raya,42665484,P,6500,CIN@MIN 04/17/2026 08:10PM ET,MIN,0
,,,,,,,,,,,,,,,RP,Matt Bowman (42665485),Matt Bowman,42665485,P,6500,CIN@MIN 04/17/2026 08:10PM ET,MIN,0
,,,,,,,,,,,,,,,SP,David Festa (42665492),David Festa,42665492,P,6500,CIN@MIN 04/17/2026 08:10PM ET,MIN,0
,,,,,,,,,,,,,,,SP,Tomoyuki Sugano (42664909),Tomoyuki Sugano,42664909,P,6500,LAD@COL 04/17/2026 08:40PM ET,COL,16.57
,,,,,,,,,,,,,,,SP,Miguel Ullola (42665486),Miguel Ullola,42665486,P,6500,STL@HOU 04/17/2026 08:10PM ET,HOU,0
,,,,,,,,,,,,,,,RP,Nate Pearson (42665487),Nate Pearson,42665487,P,6500,STL@HOU 04/17/2026 08:10PM ET,HOU,0
,,,,,,,,,,,,,,,RP,Ryan Weiss (42665488),Ryan Weiss,42665488,P,6500,STL@HOU 04/17/2026 08:10PM ET,HOU,4.83
,,,,,,,,,,,,,,,SP,Jonathan Cannon (42665497),Jonathan Cannon,42665497,P,6400,CWS@ATH 04/17/2026 09:40PM ET,CWS,-3.8
,,,,,,,,,,,,,,,RP,Grant Taylor (42665498),Grant Taylor,42665498,P,6400,CWS@ATH 04/17/2026 09:40PM ET,CWS,4.72
,,,,,,,,,,,,,,,SP,Erick Fedde (42665499),Erick Fedde,42665499,P,6400,CWS@ATH 04/17/2026 09:40PM ET,CWS,12.2
,,,,,,,,,,,,,,,SP,Braxton Garrett (42665501),Braxton Garrett,42665501,P,6400,MIL@MIA 04/17/2026 07:10PM ET,MIA,0
,,,,,,,,,,,,,,,SP,Dax Fulton (42665502),Dax Fulton,42665502,P,6400,MIL@MIA 04/17/2026 07:10PM ET,MIA,0
,,,,,,,,,,,,,,,RP,Ryan Gusto (42665503),Ryan Gusto,42665503,P,6400,MIL@MIA 04/17/2026 07:10PM ET,MIA,4.25
,,,,,,,,,,,,,,,SP,Adam Mazur (42665505),Adam Mazur,42665505,P,6400,MIL@MIA 04/17/2026 07:10PM ET,MIA,0
,,,,,,,,,,,,,,,OF,Kyle Tucker (42664915),Kyle Tucker,42664915,OF,6400,LAD@COL 04/17/2026 08:40PM ET,LAD,8.5
,,,,,,,,,,,,,,,RP,Michael Lorenzen (42665504),Michael Lorenzen,42665504,P,6400,LAD@COL 04/17/2026 08:40PM ET,COL,2.7
,,,,,,,,,,,,,,,SP,Kyle Freeland (42665506),Kyle Freeland,42665506,P,6400,LAD@COL 04/17/2026 08:40PM ET,COL,11.16
,,,,,,,,,,,,,,,SP,Cal Quantrill (42665500),Cal Quantrill,42665500,P,6400,TEX@SEA 04/17/2026 09:40PM ET,TEX,5.65
,,,,,,,,,,,,,,,RP,Mason Fluharty (42665508),Mason Fluharty,42665508,P,6300,TOR@ARI 04/17/2026 09:40PM ET,TOR,2.12
,,,,,,,,,,,,,,,SP,Patrick Corbin (42665512),Patrick Corbin,42665512,P,6300,TOR@ARI 04/17/2026 09:40PM ET,TOR,10.68
,,,,,,,,,,,,,,,SP,Robert Gasser (42664910),Robert Gasser,42664910,P,6300,MIL@MIA 04/17/2026 07:10PM ET,MIL,0
,,,,,,,,,,,,,,,SP,Chris Paddack (42665507),Chris Paddack,42665507,P,6300,MIL@MIA 04/17/2026 07:10PM ET,MIA,9.52
,,,,,,,,,,,,,,,OF,Yordan Alvarez (42664916),Yordan Alvarez,42664916,OF,6300,STL@HOU 04/17/2026 08:10PM ET,HOU,12.1
,,,,,,,,,,,,,,,SP,Tekoah Roby (42665509),Tekoah Roby,42665509,P,6300,STL@HOU 04/17/2026 08:10PM ET,STL,0
,,,,,,,,,,,,,,,SP,Brycen Mautz (42665510),Brycen Mautz,42665510,P,6300,STL@HOU 04/17/2026 08:10PM ET,STL,0
,,,,,,,,,,,,,,,RP,Gordon Graceffo (42665511),Gordon Graceffo,42665511,P,6300,STL@HOU 04/17/2026 08:10PM ET,STL,4.22
,,,,,,,,,,,,,,,SP,Dustin May (42665513),Dustin May,42665513,P,6300,STL@HOU 04/17/2026 08:10PM ET,STL,7.92
,,,,,,,,,,,,,,,SP,Hunter Dobbins (42665514),Hunter Dobbins,42665514,P,6300,STL@HOU 04/17/2026 08:10PM ET,STL,0
,,,,,,,,,,,,,,,SP,Tanner Houck (42665517),Tanner Houck,42665517,P,6200,DET@BOS 04/17/2026 07:15PM ET,BOS,0
,,,,,,,,,,,,,,,SP,Patrick Sandoval (42665525),Patrick Sandoval,42665525,P,6200,DET@BOS 04/17/2026 07:15PM ET,BOS,0
,,,,,,,,,,,,,,,SP,Kutter Crawford (42665526),Kutter Crawford,42665526,P,6200,DET@BOS 04/17/2026 07:15PM ET,BOS,0
,,,,,,,,,,,,,,,SP,Payton Tolle (42665527),Payton Tolle,42665527,P,6200,DET@BOS 04/17/2026 07:15PM ET,BOS,0
,,,,,,,,,,,,,,,RP,Andre Pallante (42665515),Andre Pallante,42665515,P,6200,STL@HOU 04/17/2026 08:10PM ET,STL,6.05
,,,,,,,,,,,,,,,RP,Matthew Liberatore (42665516),Matthew Liberatore,42665516,P,6200,STL@HOU 04/17/2026 08:10PM ET,STL,7.86
,,,,,,,,,,,,,,,SP,Richard Fitts (42665530),Richard Fitts,42665530,P,6200,STL@HOU 04/17/2026 08:10PM ET,STL,0
,,,,,,,,,,,,,,,SP,Alek Manoah (42665518),Alek Manoah,42665518,P,6200,SD@LAA 04/17/2026 09:38PM ET,LAA,0
,,,,,,,,,,,,,,,SP,Chase Silseth (42665519),Chase Silseth,42665519,P,6200,SD@LAA 04/17/2026 09:38PM ET,LAA,2.39
,,,,,,,,,,,,,,,RP,Mitch Farris (42665520),Mitch Farris,42665520,P,6200,SD@LAA 04/17/2026 09:38PM ET,LAA,3.18
,,,,,,,,,,,,,,,SP,Walbert Urena (42665521),Walbert Urena,42665521,P,6200,SD@LAA 04/17/2026 09:38PM ET,LAA,1.48
,,,,,,,,,,,,,,,SP,Yusei Kikuchi (42665522),Yusei Kikuchi,42665522,P,6200,SD@LAA 04/17/2026 09:38PM ET,LAA,7.02
,,,,,,,,,,,,,,,RP,Sam Aldegheri (42665523),Sam Aldegheri,42665523,P,6200,SD@LAA 04/17/2026 09:38PM ET,LAA,7.95
,,,,,,,,,,,,,,,SP,Caden Dana (42665524),Caden Dana,42665524,P,6200,SD@LAA 04/17/2026 09:38PM ET,LAA,0
,,,,,,,,,,,,,,,RP,Ryan Johnson (42665528),Ryan Johnson,42665528,P,6200,SD@LAA 04/17/2026 09:38PM ET,LAA,-7.1
,,,,,,,,,,,,,,,SP,George Klassen (42665529),George Klassen,42665529,P,6200,SD@LAA 04/17/2026 09:38PM ET,LAA,0.15
,,,,,,,,,,,,,,,OF,Corbin Carroll (42664917),Corbin Carroll,42664917,OF,6100,TOR@ARI 04/17/2026 09:40PM ET,ARI,9.82
,,,,,,,,,,,,,,,SP,Johan Oviedo (42665531),Johan Oviedo,42665531,P,6100,DET@BOS 04/17/2026 07:15PM ET,BOS,1.45
,,,,,,,,,,,,,,,RP,Kyle Leahy (42664911),Kyle Leahy,42664911,P,6000,STL@HOU 04/17/2026 08:10PM ET,STL,6.17
,,,,,,,,,,,,,,,SS,Bobby Witt Jr. (42664918),Bobby Witt Jr.,42664918,SS,6000,KC@NYY 04/17/2026 07:05PM ET,KC,8.10
,,,,,,,,,,,,,,,SS,Elly De La Cruz (42664919),Elly De La Cruz,42664919,SS,5900,CIN@MIN 04/17/2026 08:10PM ET,CIN,10.68
,,,,,,,,,,,,,,,C,Shea Langeliers (42664920),Shea Langeliers,42664920,C,5800,CWS@ATH 04/17/2026 09:40PM ET,ATH,10.17
,,,,,,,,,,,,,,,OF,Mike Trout (42664921),Mike Trout,42664921,OF,5700,SD@LAA 04/17/2026 09:38PM ET,LAA,12.10
,,,,,,,,,,,,,,,1B,Ben Rice (42664922),Ben Rice,42664922,1B,5600,KC@NYY 04/17/2026 07:05PM ET,NYY,10.78
,,,,,,,,,,,,,,,OF,Roman Anthony (42664925),Roman Anthony,42664925,OF,5500,DET@BOS 04/17/2026 07:15PM ET,BOS,7.12
,,,,,,,,,,,,,,,2B,Brice Turang (42664923),Brice Turang,42664923,2B,5500,MIL@MIA 04/17/2026 07:10PM ET,MIL,12.62
,,,,,,,,,,,,,,,1B,Freddie Freeman (42664924),Freddie Freeman,42664924,1B,5500,LAD@COL 04/17/2026 08:40PM ET,LAD,8.28
,,,,,,,,,,,,,,,RP,Valente Bellozo (42665532),Valente Bellozo,42665532,P,5500,LAD@COL 04/17/2026 08:40PM ET,COL,3.73
,,,,,,,,,,,,,,,RP,Tanner Gordon (42665533),Tanner Gordon,42665533,P,5500,LAD@COL 04/17/2026 08:40PM ET,COL,15.2
,,,,,,,,,,,,,,,SP,Chase Dollander (42665534),Chase Dollander,42665534,P,5500,LAD@COL 04/17/2026 08:40PM ET,COL,13.91
,,,,,,,,,,,,,,,SP,Antonio Senzatela (42665535),Antonio Senzatela,42665535,P,5500,LAD@COL 04/17/2026 08:40PM ET,COL,10.71
,,,,,,,,,,,,,,,SP,McCade Brown (42665536),McCade Brown,42665536,P,5500,LAD@COL 04/17/2026 08:40PM ET,COL,0
,,,,,,,,,,,,,,,RP,Jose Quintana (42665537),Jose Quintana,42665537,P,5500,LAD@COL 04/17/2026 08:40PM ET,COL,2.5
,,,,,,,,,,,,,,,SP,Ryan Feltner (42665538),Ryan Feltner,42665538,P,5500,LAD@COL 04/17/2026 08:40PM ET,COL,5.72
,,,,,,,,,,,,,,,1B,Nick Kurtz (42664927),Nick Kurtz,42664927,1B,5400,CWS@ATH 04/17/2026 09:40PM ET,ATH,7
,,,,,,,,,,,,,,,OF,Teoscar Hernandez (42664928),Teoscar Hernandez,42664928,OF,5400,LAD@COL 04/17/2026 08:40PM ET,LAD,9.31
,,,,,,,,,,,,,,,SS,Zach Neto (42664926),Zach Neto,42664926,SS,5400,SD@LAA 04/17/2026 09:38PM ET,LAA,9.45
,,,,,,,,,,,,,,,1B,Vladimir Guerrero Jr. (42664929),Vladimir Guerrero Jr.,42664929,1B,5300,TOR@ARI 04/17/2026 09:40PM ET,TOR,7.61
,,,,,,,,,,,,,,,2B/OF,Fernando Tatis Jr. (42664930),Fernando Tatis Jr.,42664930,2B/OF,5300,SD@LAA 04/17/2026 09:38PM ET,SD,7.10
,,,,,,,,,,,,,,,OF,Andy Pages (42664932),Andy Pages,42664932,OF,5200,LAD@COL 04/17/2026 08:40PM ET,LAD,11.61
,,,,,,,,,,,,,,,2B,Jose Altuve (42664933),Jose Altuve,42664933,2B,5200,STL@HOU 04/17/2026 08:10PM ET,HOU,8.53
,,,,,,,,,,,,,,,SS,Corey Seager (42664934),Corey Seager,42664934,SS,5200,TEX@SEA 04/17/2026 09:40PM ET,TEX,8.5
,,,,,,,,,,,,,,,2B,Ketel Marte (42664935),Ketel Marte,42664935,2B,5100,TOR@ARI 04/17/2026 09:40PM ET,ARI,7.06
,,,,,,,,,,,,,,,OF,Christian Yelich (42665218),Christian Yelich,42665218,OF,5100,MIL@MIA 04/17/2026 07:10PM ET,MIL,8.6
,,,,,,,,,,,,,,,OF,Brandon Nimmo (42664936),Brandon Nimmo,42664936,OF,5100,TEX@SEA 04/17/2026 09:40PM ET,TEX,9.21
,,,,,,,,,,,,,,,C,Cal Raleigh (42664937),Cal Raleigh,42664937,C,5100,TEX@SEA 04/17/2026 09:40PM ET,SEA,5.8
,,,,,,,,,,,,,,,OF,Jarren Duran (42664938),Jarren Duran,42664938,OF,5000,DET@BOS 04/17/2026 07:15PM ET,BOS,7.27
,,,,,,,,,,,,,,,C,William Contreras (42664939),William Contreras,42664939,C,5000,MIL@MIA 04/17/2026 07:10PM ET,MIL,8.69
,,,,,,,,,,,,,,,OF,Jackson Chourio (42665219),Jackson Chourio,42665219,OF,5000,MIL@MIA 04/17/2026 07:10PM ET,MIL,0
,,,,,,,,,,,,,,,3B,Max Muncy (42664940),Max Muncy,42664940,3B,5000,LAD@COL 04/17/2026 08:40PM ET,LAD,6.76
,,,,,,,,,,,,,,,OF,Brent Rooker (42665221),Brent Rooker,42665221,OF,4900,CWS@ATH 04/17/2026 09:40PM ET,ATH,6.5
,,,,,,,,,,,,,,,OF,George Springer (42665220),George Springer,42665220,OF,4900,TOR@ARI 04/17/2026 09:40PM ET,TOR,6.64
,,,,,,,,,,,,,,,OF,Wilyer Abreu (42664941),Wilyer Abreu,42664941,OF,4900,DET@BOS 04/17/2026 07:15PM ET,BOS,8.71
,,,,,,,,,,,,,,,OF,Kyle Stowers (42665222),Kyle Stowers,42665222,OF,4900,MIL@MIA 04/17/2026 07:10PM ET,MIA,0
,,,,,,,,,,,,,,,C,Will Smith (42664942),Will Smith,42664942,C,4900,LAD@COL 04/17/2026 08:40PM ET,LAD,6.59
,,,,,,,,,,,,,,,OF,Tyler Soderstrom (42664943),Tyler Soderstrom,42664943,OF,4800,CWS@ATH 04/17/2026 09:40PM ET,ATH,7.63
,,,,,,,,,,,,,,,2B,Xavier Edwards (42664944),Xavier Edwards,42664944,2B,4800,MIL@MIA 04/17/2026 07:10PM ET,MIA,8.47
,,,,,,,,,,,,,,,1B,Christian Walker (42664945),Christian Walker,42664945,1B,4800,STL@HOU 04/17/2026 08:10PM ET,HOU,8.9
,,,,,,,,,,,,,,,3B,Maikel Garcia (42664946),Maikel Garcia,42664946,3B,4800,KC@NYY 04/17/2026 07:05PM ET,KC,7.63
,,,,,,,,,,,,,,,OF,Byron Buxton (42664947),Byron Buxton,42664947,OF,4700,CIN@MIN 04/17/2026 08:10PM ET,MIN,7.65
,,,,,,,,,,,,,,,1B,Sal Stewart (42664951),Sal Stewart,42664951,1B,4700,CIN@MIN 04/17/2026 08:10PM ET,CIN,11.47
,,,,,,,,,,,,,,,C,Hunter Goodman (42664948),Hunter Goodman,42664948,C,4700,LAD@COL 04/17/2026 08:40PM ET,COL,8.05
,,,,,,,,,,,,,,,3B/SS,Carlos Correa (42664949),Carlos Correa,42664949,3B/SS,4700,STL@HOU 04/17/2026 08:10PM ET,HOU,8
,,,,,,,,,,,,,,,3B/SS,Kevin McGonigle (42664952),Kevin McGonigle,42664952,3B/SS,4600,DET@BOS 04/17/2026 07:15PM ET,DET,8.79
,,,,,,,,,,,,,,,1B/C,Liam Hicks (42664956),Liam Hicks,42664956,C/1B,4600,MIL@MIA 04/17/2026 07:10PM ET,MIA,8.56
,,,,,,,,,,,,,,,2B,JJ Wetherholt (42664954),JJ Wetherholt,42664954,2B,4600,STL@HOU 04/17/2026 08:10PM ET,STL,8.89
,,,,,,,,,,,,,,,OF,Cody Bellinger (42664955),Cody Bellinger,42664955,OF,4600,KC@NYY 04/17/2026 07:05PM ET,NYY,7.39
,,,,,,,,,,,,,,,OF,Jakob Marsee (42664960),Jakob Marsee,42664960,OF,4500,MIL@MIA 04/17/2026 07:10PM ET,MIA,7.68
,,,,,,,,,,,,,,,SS,Mookie Betts (42665224),Mookie Betts,42665224,SS,4500,LAD@COL 04/17/2026 08:40PM ET,LAD,8.38
,,,,,,,,,,,,,,,1B,Alec Burleson (42664961),Alec Burleson,42664961,1B,4500,STL@HOU 04/17/2026 08:10PM ET,STL,8.11
,,,,,,,,,,,,,,,OF,Jordan Walker (42664962),Jordan Walker,42664962,OF,4500,STL@HOU 04/17/2026 08:10PM ET,STL,11.67
,,,,,,,,,,,,,,,SS,Jeremy Pena (42665223),Jeremy Pena,42665223,SS,4500,STL@HOU 04/17/2026 08:10PM ET,HOU,6.2
,,,,,,,,,,,,,,,3B,Manny Machado (42664958),Manny Machado,42664958,3B,4500,SD@LAA 04/17/2026 09:38PM ET,SD,7.28
,,,,,,,,,,,,,,,OF,Jackson Merrill (42664959),Jackson Merrill,42664959,OF,4500,SD@LAA 04/17/2026 09:38PM ET,SD,9.37
,,,,,,,,,,,,,,,1B,Willson Contreras (42664964),Willson Contreras,42664964,1B,4400,DET@BOS 04/17/2026 07:15PM ET,BOS,8.59
,,,,,,,,,,,,,,,C,Dillon Dingler (42664965),Dillon Dingler,42664965,C,4400,DET@BOS 04/17/2026 07:15PM ET,DET,8.69
,,,,,,,,,,,,,,,OF,Riley Greene (42664968),Riley Greene,42664968,OF,4400,DET@BOS 04/17/2026 07:15PM ET,DET,7.79
,,,,,,,,,,,,,,,3B,Eugenio Suarez (42664963),Eugenio Suarez,42664963,3B,4400,CIN@MIN 04/17/2026 08:10PM ET,CIN,6.16
,,,,,,,,,,,,,,,SS,Otto Lopez (42664966),Otto Lopez,42664966,SS,4400,MIL@MIA 04/17/2026 07:10PM ET,MIA,9
,,,,,,,,,,,,,,,OF,Julio Rodriguez (42664967),Julio Rodriguez,42664967,OF,4400,TEX@SEA 04/17/2026 09:40PM ET,SEA,5.65
,,,,,,,,,,,,,,,SS,Ezequiel Tovar (42664972),Ezequiel Tovar,42664972,SS,4300,LAD@COL 04/17/2026 08:40PM ET,COL,5.84
,,,,,,,,,,,,,,,2B/3B,Isaac Paredes (42664970),Isaac Paredes,42664970,2B/3B,4300,STL@HOU 04/17/2026 08:10PM ET,HOU,5.8
,,,,,,,,,,,,,,,1B,Jake Burger (42664969),Jake Burger,42664969,1B,4300,TEX@SEA 04/17/2026 09:40PM ET,TEX,8.21
,,,,,,,,,,,,,,,OF,Evan Carter (42664974),Evan Carter,42664974,OF,4300,TEX@SEA 04/17/2026 09:40PM ET,TEX,5.84
,,,,,,,,,,,,,,,OF,Jo Adell (42664973),Jo Adell,42664973,OF,4300,SD@LAA 04/17/2026 09:38PM ET,LAA,7.95
,,,,,,,,,,,,,,,1B,Munetaka Murakami (42664975),Munetaka Murakami,42664975,1B,4200,CWS@ATH 04/17/2026 09:40PM ET,CWS,7.42
,,,,,,,,,,,,,,,3B,Kazuma Okamoto (42664977),Kazuma Okamoto,42664977,3B,4200,TOR@ARI 04/17/2026 09:40PM ET,TOR,5.12
,,,,,,,,,,,,,,,SS,Geraldo Perdomo (42664978),Geraldo Perdomo,42664978,SS,4200,TOR@ARI 04/17/2026 09:40PM ET,ARI,6.58
,,,,,,,,,,,,,,,OF,Ramon Laureano (42664979),Ramon Laureano,42664979,OF,4200,SD@LAA 04/17/2026 09:38PM ET,SD,10
,,,,,,,,,,,,,,,OF,Giancarlo Stanton (42664976),Giancarlo Stanton,42664976,OF,4200,KC@NYY 04/17/2026 07:05PM ET,NYY,6.83
,,,,,,,,,,,,,,,C,Carter Jensen (42664980),Carter Jensen,42664980,C,4200,KC@NYY 04/17/2026 07:05PM ET,KC,5.78
,,,,,,,,,,,,,,,2B,Jazz Chisholm Jr. (42664981),Jazz Chisholm Jr.,42664981,2B,4200,KC@NYY 04/17/2026 07:05PM ET,NYY,6.21
,,,,,,,,,,,,,,,SS,Colson Montgomery (42664982),Colson Montgomery,42664982,SS,4100,CWS@ATH 04/17/2026 09:40PM ET,CWS,5.84
,,,,,,,,,,,,,,,3B,Max Muncy (42664989),Max Muncy,42664989,3B,4100,CWS@ATH 04/17/2026 09:40PM ET,ATH,7.89
,,,,,,,,,,,,,,,2B,Luke Keaschall (42664987),Luke Keaschall,42664987,2B,4100,CIN@MIN 04/17/2026 08:10PM ET,MIN,6.79
,,,,,,,,,,,,,,,C,Agustin Ramirez (42664988),Agustin Ramirez,42664988,C,4100,MIL@MIA 04/17/2026 07:10PM ET,MIA,7.06
,,,,,,,,,,,,,,,1B/OF,Troy Johnston (42664983),Troy Johnston,42664983,1B/OF,4100,LAD@COL 04/17/2026 08:40PM ET,COL,6.31
,,,,,,,,,,,,,,,OF,Wyatt Langford (42664986),Wyatt Langford,42664986,OF,4100,TEX@SEA 04/17/2026 09:40PM ET,TEX,5.69
,,,,,,,,,,,,,,,1B,Vinnie Pasquantino (42664985),Vinnie Pasquantino,42664985,1B,4100,KC@NYY 04/17/2026 07:05PM ET,KC,4.79
,,,,,,,,,,,,,,,RP,Prelander Berroa (42665541),Prelander Berroa,42665541,P,4000,CWS@ATH 04/17/2026 09:40PM ET,CWS,0
,,,,,,,,,,,,,,,SP,Henry Baez (42665545),Henry Baez,42665545,P,4000,CWS@ATH 04/17/2026 09:40PM ET,ATH,0
,,,,,,,,,,,,,,,RP,David Sandlin (42665546),David Sandlin,42665546,P,4000,CWS@ATH 04/17/2026 09:40PM ET,CWS,0
,,,,,,,,,,,,,,,RP,Tyler Schweitzer (42665554),Tyler Schweitzer,42665554,P,4000,CWS@ATH 04/17/2026 09:40PM ET,CWS,1.2
,,,,,,,,,,,,,,,SP,Ky Bush (42665563),Ky Bush,42665563,P,4000,CWS@ATH 04/17/2026 09:40PM ET,CWS,0
,,,,,,,,,,,,,,,SP,Braden Nett (42665572),Braden Nett,42665572,P,4000,CWS@ATH 04/17/2026 09:40PM ET,ATH,0
,,,,,,,,,,,,,,,SP,Tanner McDougal (42665585),Tanner McDougal,42665585,P,4000,CWS@ATH 04/17/2026 09:40PM ET,CWS,0
,,,,,,,,,,,,,,,SP,Chen Zhong-Ao Zhuang (42665586),Chen Zhong-Ao Zhuang,42665586,P,4000,CWS@ATH 04/17/2026 09:40PM ET,ATH,0
,,,,,,,,,,,,,,,RP,Brady Basso (42665592),Brady Basso,42665592,P,4000,CWS@ATH 04/17/2026 09:40PM ET,ATH,0
,,,,,,,,,,,,,,,RP,Mason Barnett (42665593),Mason Barnett,42665593,P,4000,CWS@ATH 04/17/2026 09:40PM ET,ATH,0
,,,,,,,,,,,,,,,SP,Doug Nikhazy (42665598),Doug Nikhazy,42665598,P,4000,CWS@ATH 04/17/2026 09:40PM ET,CWS,0
,,,,,,,,,,,,,,,RP,Chris Murphy (42665617),Chris Murphy,42665617,P,4000,CWS@ATH 04/17/2026 09:40PM ET,CWS,1.18
,,,,,,,,,,,,,,,RP,Seranthony Dominguez (42665619),Seranthony Dominguez,42665619,P,4000,CWS@ATH 04/17/2026 09:40PM ET,CWS,2.33
,,,,,,,,,,,,,,,RP,Duncan Davitt (42665623),Duncan Davitt,42665623,P,4000,CWS@ATH 04/17/2026 09:40PM ET,CWS,1.65
,,,,,,,,,,,,,,,RP,Justin Sterner (42665638),Justin Sterner,42665638,P,4000,CWS@ATH 04/17/2026 09:40PM ET,ATH,2.26
,,,,,,,,,,,,,,,RP,Elvis Alvarado (42665642),Elvis Alvarado,42665642,P,4000,CWS@ATH 04/17/2026 09:40PM ET,ATH,2.23
,,,,,,,,,,,,,,,RP,Tyler Gilbert (42665661),Tyler Gilbert,42665661,P,4000,CWS@ATH 04/17/2026 09:40PM ET,CWS,-3.1
,,,,,,,,,,,,,,,RP,Lucas Sims (42665665),Lucas Sims,42665665,P,4000,CWS@ATH 04/17/2026 09:40PM ET,CWS,2.78
,,,,,,,,,,,,,,,RP,Bryan Hudson (42665690),Bryan Hudson,42665690,P,4000,CWS@ATH 04/17/2026 09:40PM ET,CWS,3.08
,,,,,,,,,,,,,,,RP,Jordan Hicks (42665696),Jordan Hicks,42665696,P,4000,CWS@ATH 04/17/2026 09:40PM ET,CWS,1.11
,,,,,,,,,,,,,,,RP,Mark Leiter Jr. (42665713),Mark Leiter Jr.,42665713,P,4000,CWS@ATH 04/17/2026 09:40PM ET,ATH,0.93
,,,,,,,,,,,,,,,RP,Joel Kuhnel (42665723),Joel Kuhnel,42665723,P,4000,CWS@ATH 04/17/2026 09:40PM ET,ATH,3.18
,,,,,,,,,,,,,,,RP,Tyler Ferguson (42665732),Tyler Ferguson,42665732,P,4000,CWS@ATH 04/17/2026 09:40PM ET,ATH,0
,,,,,,,,,,,,,,,RP,Brandon Eisert (42665733),Brandon Eisert,42665733,P,4000,CWS@ATH 04/17/2026 09:40PM ET,CWS,-1.48
,,,,,,,,,,,,,,,RP,Scott Barlow (42665753),Scott Barlow,42665753,P,4000,CWS@ATH 04/17/2026 09:40PM ET,ATH,1.81
,,,,,,,,,,,,,,,RP,Wikelman Gonzalez (42665757),Wikelman Gonzalez,42665757,P,4000,CWS@ATH 04/17/2026 09:40PM ET,CWS,0
,,,,,,,,,,,,,,,RP,Michael Kelly (42665777),Michael Kelly,42665777,P,4000,CWS@ATH 04/17/2026 09:40PM ET,ATH,1.44
,,,,,,,,,,,,,,,RP,Jordan Leasure (42665784),Jordan Leasure,42665784,P,4000,CWS@ATH 04/17/2026 09:40PM ET,CWS,3.47
,,,,,,,,,,,,,,,RP,Eduarniel Nunez (42665804),Eduarniel Nunez,42665804,P,4000,CWS@ATH 04/17/2026 09:40PM ET,ATH,0
,,,,,,,,,,,,,,,OF,Daulton Varsho (42664991),Daulton Varsho,42664991,OF,4000,TOR@ARI 04/17/2026 09:40PM ET,TOR,7.17
,,,,,,,,,,,,,,,SP,Mitch Bratt (42665542),Mitch Bratt,42665542,P,4000,TOR@ARI 04/17/2026 09:40PM ET,ARI,0
,,,,,,,,,,,,,,,SP,Ricky Tiedemann (42665544),Ricky Tiedemann,42665544,P,4000,TOR@ARI 04/17/2026 09:40PM ET,TOR,0
,,,,,,,,,,,,,,,SP,Jake Bloss (42665548),Jake Bloss,42665548,P,4000,TOR@ARI 04/17/2026 09:40PM ET,TOR,0
,,,,,,,,,,,,,,,SP,Dylan Ray (42665568),Dylan Ray,42665568,P,4000,TOR@ARI 04/17/2026 09:40PM ET,ARI,0
,,,,,,,,,,,,,,,RP,Adam Macko (42665571),Adam Macko,42665571,P,4000,TOR@ARI 04/17/2026 09:40PM ET,TOR,0
,,,,,,,,,,,,,,,RP,Blake Walston (42665576),Blake Walston,42665576,P,4000,TOR@ARI 04/17/2026 09:40PM ET,ARI,0
,,,,,,,,,,,,,,,SP,Kohl Drake (42665583),Kohl Drake,42665583,P,4000,TOR@ARI 04/17/2026 09:40PM ET,ARI,0
,,,,,,,,,,,,,,,RP,Bowden Francis (42665599),Bowden Francis,42665599,P,4000,TOR@ARI 04/17/2026 09:40PM ET,TOR,0
,,,,,,,,,,,,,,,RP,Tommy Nance (42665609),Tommy Nance,42665609,P,4000,TOR@ARI 04/17/2026 09:40PM ET,TOR,1.86
,,,,,,,,,,,,,,,RP,Tyler Rogers (42665633),Tyler Rogers,42665633,P,4000,TOR@ARI 04/17/2026 09:40PM ET,TOR,2.95
,,,,,,,,,,,,,,,RP,Kevin Ginkel (42665637),Kevin Ginkel,42665637,P,4000,TOR@ARI 04/17/2026 09:40PM ET,ARI,2.51
,,,,,,,,,,,,,,,RP,Justin Martinez (42665641),Justin Martinez,42665641,P,4000,TOR@ARI 04/17/2026 09:40PM ET,ARI,0
,,,,,,,,,,,,,,,RP,Joe Mantiply (42665645),Joe Mantiply,42665645,P,4000,TOR@ARI 04/17/2026 09:40PM ET,TOR,4.91
,,,,,,,,,,,,,,,RP,Paul Sewald (42665657),Paul Sewald,42665657,P,4000,TOR@ARI 04/17/2026 09:40PM ET,ARI,3.34
,,,,,,,,,,,,,,,RP,Yimi Garcia (42665663),Yimi Garcia,42665663,P,4000,TOR@ARI 04/17/2026 09:40PM ET,TOR,0
,,,,,,,,,,,,,,,RP,Andrew Saalfrank (42665670),Andrew Saalfrank,42665670,P,4000,TOR@ARI 04/17/2026 09:40PM ET,ARI,0
,,,,,,,,,,,,,,,RP,Philip Abner (42665672),Philip Abner,42665672,P,4000,TOR@ARI 04/17/2026 09:40PM ET,ARI,0
,,,,,,,,,,,,,,,RP,Jonathan Loaisiga (42665691),Jonathan Loaisiga,42665691,P,4000,TOR@ARI 04/17/2026 09:40PM ET,ARI,2.18
,,,,,,,,,,,,,,,RP,Chase Lee (42665700),Chase Lee,42665700,P,4000,TOR@ARI 04/17/2026 09:40PM ET,TOR,0
,,,,,,,,,,,,,,,RP,Spencer Miles (42665705),Spencer Miles,42665705,P,4000,TOR@ARI 04/17/2026 09:40PM ET,TOR,5.28
,,,,,,,,,,,,,,,RP,Ryan Thompson (42665707),Ryan Thompson,42665707,P,4000,TOR@ARI 04/17/2026 09:40PM ET,ARI,2.57
,,,,,,,,,,,,,,,RP,Taylor Clarke (42665709),Taylor Clarke,42665709,P,4000,TOR@ARI 04/17/2026 09:40PM ET,ARI,2.64
,,,,,,,,,,,,,,,RP,A.J. Puk (42665712),A.J. Puk,42665712,P,4000,TOR@ARI 04/17/2026 09:40PM ET,ARI,0
,,,,,,,,,,,,,,,RP,Braydon Fisher (42665726),Braydon Fisher,42665726,P,4000,TOR@ARI 04/17/2026 09:40PM ET,TOR,4.87
,,,,,,,,,,,,,,,RP,Lazaro Estrada (42665736),Lazaro Estrada,42665736,P,4000,TOR@ARI 04/17/2026 09:40PM ET,TOR,13.8
,,,,,,,,,,,,,,,RP,Juan Burgos (42665737),Juan Burgos,42665737,P,4000,TOR@ARI 04/17/2026 09:40PM ET,ARI,0
,,,,,,,,,,,,,,,RP,Andrew Hoffmann (42665738),Andrew Hoffmann,42665738,P,4000,TOR@ARI 04/17/2026 09:40PM ET,ARI,5.48
,,,,,,,,,,,,,,,RP,Brendon Little (42665741),Brendon Little,42665741,P,4000,TOR@ARI 04/17/2026 09:40PM ET,TOR,-1.51
,,,,,,,,,,,,,,,RP,Brandyn Garcia (42665742),Brandyn Garcia,42665742,P,4000,TOR@ARI 04/17/2026 09:40PM ET,ARI,0
,,,,,,,,,,,,,,,RP,Jeff Hoffman (42665774),Jeff Hoffman,42665774,P,4000,TOR@ARI 04/17/2026 09:40PM ET,TOR,4.64
,,,,,,,,,,,,,,,RP,Louis Varland (42665781),Louis Varland,42665781,P,4000,TOR@ARI 04/17/2026 09:40PM ET,TOR,5.42
,,,,,,,,,,,,,,,RP,Drey Jameson (42665782),Drey Jameson,42665782,P,4000,TOR@ARI 04/17/2026 09:40PM ET,ARI,0
,,,,,,,,,,,,,,,SP,Cristian Mena (42665786),Cristian Mena,42665786,P,4000,TOR@ARI 04/17/2026 09:40PM ET,ARI,0
,,,,,,,,,,,,,,,RP,Taylor Rashi (42665803),Taylor Rashi,42665803,P,4000,TOR@ARI 04/17/2026 09:40PM ET,ARI,3.28
,,,,,,,,,,,,,,,RP,Juan Morillo (42665808),Juan Morillo,42665808,P,4000,TOR@ARI 04/17/2026 09:40PM ET,ARI,2.48
,,,,,,,,,,,,,,,RP,Kade Strowd (42665811),Kade Strowd,42665811,P,4000,TOR@ARI 04/17/2026 09:40PM ET,ARI,0
,,,,,,,,,,,,,,,SP,Jake Miller (42665562),Jake Miller,42665562,P,4000,DET@BOS 04/17/2026 07:15PM ET,DET,0
,,,,,,,,,,,,,,,RP,Jack Anderson (42665569),Jack Anderson,42665569,P,4000,DET@BOS 04/17/2026 07:15PM ET,BOS,11.55
,,,,,,,,,,,,,,,SP,Yoniel Curet (42665574),Yoniel Curet,42665574,P,4000,DET@BOS 04/17/2026 07:15PM ET,DET,0
,,,,,,,,,,,,,,,SP,Ty Madden (42665575),Ty Madden,42665575,P,4000,DET@BOS 04/17/2026 07:15PM ET,DET,0
,,,,,,,,,,,,,,,SP,Jake Bennett (42665591),Jake Bennett,42665591,P,4000,DET@BOS 04/17/2026 07:15PM ET,BOS,0
,,,,,,,,,,,,,,,RP,Sawyer Gipson-Long (42665597),Sawyer Gipson-Long,42665597,P,4000,DET@BOS 04/17/2026 07:15PM ET,DET,0
,,,,,,,,,,,,,,,RP,Greg Weissert (42665608),Greg Weissert,42665608,P,4000,DET@BOS 04/17/2026 07:15PM ET,BOS,2.89
,,,,,,,,,,,,,,,RP,Will Vest (42665624),Will Vest,42665624,P,4000,DET@BOS 04/17/2026 07:15PM ET,DET,2.7
,,,,,,,,,,,,,,,RP,Danny Coulombe (42665636),Danny Coulombe,42665636,P,4000,DET@BOS 04/17/2026 07:15PM ET,BOS,1.21
,,,,,,,,,,,,,,,RP,Enmanuel De Jesus (42665646),Enmanuel De Jesus,42665646,P,4000,DET@BOS 04/17/2026 07:15PM ET,DET,3.84
,,,,,,,,,,,,,,,RP,Justin Slaten (42665653),Justin Slaten,42665653,P,4000,DET@BOS 04/17/2026 07:15PM ET,BOS,3.78
,,,,,,,,,,,,,,,RP,Drew Sommers (42665680),Drew Sommers,42665680,P,4000,DET@BOS 04/17/2026 07:15PM ET,DET,0
,,,,,,,,,,,,,,,RP,Aroldis Chapman (42665687),Aroldis Chapman,42665687,P,4000,DET@BOS 04/17/2026 07:15PM ET,BOS,3.42
,,,,,,,,,,,,,,,RP,Drew Anderson (42665694),Drew Anderson,42665694,P,4000,DET@BOS 04/17/2026 07:15PM ET,DET,2.38
,,,,,,,,,,,,,,,RP,Tyler Holton (42665725),Tyler Holton,42665725,P,4000,DET@BOS 04/17/2026 07:15PM ET,DET,2.31
,,,,,,,,,,,,,,,RP,Tyler Samaniego (42665729),Tyler Samaniego,42665729,P,4000,DET@BOS 04/17/2026 07:15PM ET,BOS,4.82
,,,,,,,,,,,,,,,RP,Brant Hurter (42665730),Brant Hurter,42665730,P,4000,DET@BOS 04/17/2026 07:15PM ET,DET,2.78
,,,,,,,,,,,,,,,RP,Kenley Jansen (42665744),Kenley Jansen,42665744,P,4000,DET@BOS 04/17/2026 07:15PM ET,DET,3.35
,,,,,,,,,,,,,,,RP,Garrett Whitlock (42665760),Garrett Whitlock,42665760,P,4000,DET@BOS 04/17/2026 07:15PM ET,BOS,3.96
,,,,,,,,,,,,,,,RP,Brenan Hanifee (42665762),Brenan Hanifee,42665762,P,4000,DET@BOS 04/17/2026 07:15PM ET,DET,0
,,,,,,,,,,,,,,,RP,Kyle Finnegan (42665765),Kyle Finnegan,42665765,P,4000,DET@BOS 04/17/2026 07:15PM ET,DET,2.68
,,,,,,,,,,,,,,,RP,Bailey Horn (42665766),Bailey Horn,42665766,P,4000,DET@BOS 04/17/2026 07:15PM ET,DET,0
,,,,,,,,,,,,,,,RP,Tyler Uberstine (42665771),Tyler Uberstine,42665771,P,4000,DET@BOS 04/17/2026 07:15PM ET,BOS,5.6
,,,,,,,,,,,,,,,RP,Connor Seabold (42665790),Connor Seabold,42665790,P,4000,DET@BOS 04/17/2026 07:15PM ET,DET,6.3
,,,,,,,,,,,,,,,RP,Grant Holman (42665792),Grant Holman,42665792,P,4000,DET@BOS 04/17/2026 07:15PM ET,DET,0
,,,,,,,,,,,,,,,RP,Ryan Watson (42665796),Ryan Watson,42665796,P,4000,DET@BOS 04/17/2026 07:15PM ET,BOS,0.92
,,,,,,,,,,,,,,,RP,Jovani Moran (42665802),Jovani Moran,42665802,P,4000,DET@BOS 04/17/2026 07:15PM ET,BOS,7.57
,,,,,,,,,,,,,,,RP,Zack Kelly (42665806),Zack Kelly,42665806,P,4000,DET@BOS 04/17/2026 07:15PM ET,BOS,1.4
,,,,,,,,,,,,,,,RP,Beau Brieske (42665809),Beau Brieske,42665809,P,4000,DET@BOS 04/17/2026 07:15PM ET,DET,0
,,,,,,,,,,,,,,,C,Ryan Jeffers (42664995),Ryan Jeffers,42664995,C,4000,CIN@MIN 04/17/2026 08:10PM ET,MIN,8.62
,,,,,,,,,,,,,,,SP,John Klein (42665550),John Klein,42665550,P,4000,CIN@MIN 04/17/2026 08:10PM ET,MIN,0
,,,,,,,,,,,,,,,SP,Connor Prielipp (42665564),Connor Prielipp,42665564,P,4000,CIN@MIN 04/17/2026 08:10PM ET,MIN,0
,,,,,,,,,,,,,,,SP,Julian Aguiar (42665580),Julian Aguiar,42665580,P,4000,CIN@MIN 04/17/2026 08:10PM ET,CIN,0
,,,,,,,,,,,,,,,SP,Kendry Rojas (42665581),Kendry Rojas,42665581,P,4000,CIN@MIN 04/17/2026 08:10PM ET,MIN,0
,,,,,,,,,,,,,,,RP,Travis Adams (42665595),Travis Adams,42665595,P,4000,CIN@MIN 04/17/2026 08:10PM ET,MIN,0
,,,,,,,,,,,,,,,RP,Cody Laweryson (42665626),Cody Laweryson,42665626,P,4000,CIN@MIN 04/17/2026 08:10PM ET,MIN,4.01
,,,,,,,,,,,,,,,RP,Luis Mey (42665632),Luis Mey,42665632,P,4000,CIN@MIN 04/17/2026 08:10PM ET,CIN,0
,,,,,,,,,,,,,,,RP,Anthony Banda (42665634),Anthony Banda,42665634,P,4000,CIN@MIN 04/17/2026 08:10PM ET,MIN,0.97
,,,,,,,,,,,,,,,RP,Brock Burke (42665655),Brock Burke,42665655,P,4000,CIN@MIN 04/17/2026 08:10PM ET,CIN,3.86
,,,,,,,,,,,,,,,RP,Graham Ashcraft (42665669),Graham Ashcraft,42665669,P,4000,CIN@MIN 04/17/2026 08:10PM ET,CIN,3.79
,,,,,,,,,,,,,,,RP,Zak Kent (42665671),Zak Kent,42665671,P,4000,CIN@MIN 04/17/2026 08:10PM ET,MIN,1.42
,,,,,,,,,,,,,,,RP,Pierce Johnson (42665675),Pierce Johnson,42665675,P,4000,CIN@MIN 04/17/2026 08:10PM ET,CIN,2.72
,,,,,,,,,,,,,,,SP,Jose Franco (42665679),Jose Franco,42665679,P,4000,CIN@MIN 04/17/2026 08:10PM ET,CIN,3.18
,,,,,,,,,,,,,,,RP,Garrett Acton (42665686),Garrett Acton,42665686,P,4000,CIN@MIN 04/17/2026 08:10PM ET,MIN,9.3
,,,,,,,,,,,,,,,RP,Cole Sands (42665706),Cole Sands,42665706,P,4000,CIN@MIN 04/17/2026 08:10PM ET,MIN,1.75
,,,,,,,,,,,,,,,RP,Emilio Pagan (42665711),Emilio Pagan,42665711,P,4000,CIN@MIN 04/17/2026 08:10PM ET,CIN,2.8
,,,,,,,,,,,,,,,RP,Kody Funderburk (42665724),Kody Funderburk,42665724,P,4000,CIN@MIN 04/17/2026 08:10PM ET,MIN,2.48
,,,,,,,,,,,,,,,RP,Sam Moll (42665734),Sam Moll,42665734,P,4000,CIN@MIN 04/17/2026 08:10PM ET,CIN,3.44
,,,,,,,,,,,,,,,RP,Caleb Ferguson (42665740),Caleb Ferguson,42665740,P,4000,CIN@MIN 04/17/2026 08:10PM ET,CIN,0
,,,,,,,,,,,,,,,RP,Zach Maxwell (42665751),Zach Maxwell,42665751,P,4000,CIN@MIN 04/17/2026 08:10PM ET,CIN,0
,,,,,,,,,,,,,,,SP,Connor Phillips (42665758),Connor Phillips,42665758,P,4000,CIN@MIN 04/17/2026 08:10PM ET,CIN,3.67
,,,,,,,,,,,,,,,SP,Tony Santillan (42665763),Tony Santillan,42665763,P,4000,CIN@MIN 04/17/2026 08:10PM ET,CIN,4.65
,,,,,,,,,,,,,,,RP,Eric Orze (42665768),Eric Orze,42665768,P,4000,CIN@MIN 04/17/2026 08:10PM ET,MIN,2.09
,,,,,,,,,,,,,,,RP,Kyle Nicolas (42665772),Kyle Nicolas,42665772,P,4000,CIN@MIN 04/17/2026 08:10PM ET,CIN,-0.43
,,,,,,,,,,,,,,,RP,Taylor Rogers (42665778),Taylor Rogers,42665778,P,4000,CIN@MIN 04/17/2026 08:10PM ET,MIN,2.16
,,,,,,,,,,,,,,,RP,Andrew Morris (42665798),Andrew Morris,42665798,P,4000,CIN@MIN 04/17/2026 08:10PM ET,MIN,5.15
,,,,,,,,,,,,,,,RP,Justin Topa (42665799),Justin Topa,42665799,P,4000,CIN@MIN 04/17/2026 08:10PM ET,MIN,1.19
,,,,,,,,,,,,,,,1B,Jake Bauers (42664993),Jake Bauers,42664993,1B,4000,MIL@MIA 04/17/2026 07:10PM ET,MIL,8.29
,,,,,,,,,,,,,,,RP,William Kempner (42665577),William Kempner,42665577,P,4000,MIL@MIA 04/17/2026 07:10PM ET,MIA,0
,,,,,,,,,,,,,,,RP,Josh White (42665587),Josh White,42665587,P,4000,MIL@MIA 04/17/2026 07:10PM ET,MIA,0
,,,,,,,,,,,,,,,RP,Carlos Rodriguez (42665594),Carlos Rodriguez,42665594,P,4000,MIL@MIA 04/17/2026 07:10PM ET,MIL,0
,,,,,,,,,,,,,,,SP,Bradley Blalock (42665601),Bradley Blalock,42665601,P,4000,MIL@MIA 04/17/2026 07:10PM ET,MIA,0
,,,,,,,,,,,,,,,RP,Rob Zastryzny (42665607),Rob Zastryzny,42665607,P,4000,MIL@MIA 04/17/2026 07:10PM ET,MIL,0
,,,,,,,,,,,,,,,RP,Andrew Nardi (42665630),Andrew Nardi,42665630,P,4000,MIL@MIA 04/17/2026 07:10PM ET,MIA,2.87
,,,,,,,,,,,,,,,RP,Angel Zerpa (42665631),Angel Zerpa,42665631,P,4000,MIL@MIA 04/17/2026 07:10PM ET,MIL,0.99
,,,,,,,,,,,,,,,RP,Michael Petersen (42665647),Michael Petersen,42665647,P,4000,MIL@MIA 04/17/2026 07:10PM ET,MIA,3.51
,,,,,,,,,,,,,,,RP,Lake Bachar (42665648),Lake Bachar,42665648,P,4000,MIL@MIA 04/17/2026 07:10PM ET,MIA,7.37
,,,,,,,,,,,,,,,RP,Abner Uribe (42665654),Abner Uribe,42665654,P,4000,MIL@MIA 04/17/2026 07:10PM ET,MIL,2.39
,,,,,,,,,,,,,,,RP,DL Hall (42665668),DL Hall,42665668,P,4000,MIL@MIA 04/17/2026 07:10PM ET,MIL,4.04
,,,,,,,,,,,,,,,RP,Cade Gibson (42665688),Cade Gibson,42665688,P,4000,MIL@MIA 04/17/2026 07:10PM ET,MIA,0
,,,,,,,,,,,,,,,RP,Anthony Bender (42665689),Anthony Bender,42665689,P,4000,MIL@MIA 04/17/2026 07:10PM ET,MIA,2.17
,,,,,,,,,,,,,,,RP,John King (42665703),John King,42665703,P,4000,MIL@MIA 04/17/2026 07:10PM ET,MIA,3.01
,,,,,,,,,,,,,,,RP,Aaron Ashby (42665715),Aaron Ashby,42665715,P,4000,MIL@MIA 04/17/2026 07:10PM ET,MIL,6.74
,,,,,,,,,,,,,,,RP,Trevor Megill (42665716),Trevor Megill,42665716,P,4000,MIL@MIA 04/17/2026 07:10PM ET,MIL,0.53
,,,,,,,,,,,,,,,RP,Grant Anderson (42665743),Grant Anderson,42665743,P,4000,MIL@MIA 04/17/2026 07:10PM ET,MIL,2.79
,,,,,,,,,,,,,,,RP,Tyler Phillips (42665746),Tyler Phillips,42665746,P,4000,MIL@MIA 04/17/2026 07:10PM ET,MIA,7.76
,,,,,,,,,,,,,,,RP,Craig Yoho (42665752),Craig Yoho,42665752,P,4000,MIL@MIA 04/17/2026 07:10PM ET,MIL,0
,,,,,,,,,,,,,,,RP,Calvin Faucher (42665769),Calvin Faucher,42665769,P,4000,MIL@MIA 04/17/2026 07:10PM ET,MIA,3.64
,,,,,,,,,,,,,,,RP,Easton McGee (42665776),Easton McGee,42665776,P,4000,MIL@MIA 04/17/2026 07:10PM ET,MIL,1.65
,,,,,,,,,,,,,,,RP,Ronny Henriquez (42665779),Ronny Henriquez,42665779,P,4000,MIL@MIA 04/17/2026 07:10PM ET,MIA,0
,,,,,,,,,,,,,,,RP,Jared Koenig (42665783),Jared Koenig,42665783,P,4000,MIL@MIA 04/17/2026 07:10PM ET,MIL,3.42
,,,,,,,,,,,,,,,RP,Pete Fairbanks (42665810),Pete Fairbanks,42665810,P,4000,MIL@MIA 04/17/2026 07:10PM ET,MIA,1.57
,,,,,,,,,,,,,,,2B/3B,Willi Castro (42664996),Willi Castro,42664996,2B/3B,4000,LAD@COL 04/17/2026 08:40PM ET,COL,6.12
,,,,,,,,,,,,,,,RP,Jake Cousins (42665547),Jake Cousins,42665547,P,4000,LAD@COL 04/17/2026 08:40PM ET,LAD,0
,,,,,,,,,,,,,,,SP,Gabriel Hughes (42665552),Gabriel Hughes,42665552,P,4000,LAD@COL 04/17/2026 08:40PM ET,COL,0
,,,,,,,,,,,,,,,SP,Nick Nastrini (42665566),Nick Nastrini,42665566,P,4000,LAD@COL 04/17/2026 08:40PM ET,LAD,0
,,,,,,,,,,,,,,,RP,RJ Petit (42665570),RJ Petit,42665570,P,4000,LAD@COL 04/17/2026 08:40PM ET,COL,0
,,,,,,,,,,,,,,,RP,Brusdar Graterol (42665573),Brusdar Graterol,42665573,P,4000,LAD@COL 04/17/2026 08:40PM ET,LAD,0
,,,,,,,,,,,,,,,RP,Ronan Kopp (42665579),Ronan Kopp,42665579,P,4000,LAD@COL 04/17/2026 08:40PM ET,LAD,0
,,,,,,,,,,,,,,,RP,Jeff Criswell (42665584),Jeff Criswell,42665584,P,4000,LAD@COL 04/17/2026 08:40PM ET,COL,0
,,,,,,,,,,,,,,,RP,Welinton Herrera (42665590),Welinton Herrera,42665590,P,4000,LAD@COL 04/17/2026 08:40PM ET,COL,0
,,,,,,,,,,,,,,,SP,Pierson Ohl (42665600),Pierson Ohl,42665600,P,4000,LAD@COL 04/17/2026 08:40PM ET,COL,0
,,,,,,,,,,,,,,,RP,Carson Palmquist (42665602),Carson Palmquist,42665602,P,4000,LAD@COL 04/17/2026 08:40PM ET,COL,0
,,,,,,,,,,,,,,,RP,Luis Peralta (42665603),Luis Peralta,42665603,P,4000,LAD@COL 04/17/2026 08:40PM ET,COL,0
,,,,,,,,,,,,,,,RP,Seth Halvorsen (42665605),Seth Halvorsen,42665605,P,4000,LAD@COL 04/17/2026 08:40PM ET,COL,0
,,,,,,,,,,,,,,,RP,Alex Vesia (42665613),Alex Vesia,42665613,P,4000,LAD@COL 04/17/2026 08:40PM ET,LAD,3.94
,,,,,,,,,,,,,,,RP,Juan Mejia (42665620),Juan Mejia,42665620,P,4000,LAD@COL 04/17/2026 08:40PM ET,COL,1.11
,,,,,,,,,,,,,,,RP,Zach Agnos (42665627),Zach Agnos,42665627,P,4000,LAD@COL 04/17/2026 08:40PM ET,COL,2.37
,,,,,,,,,,,,,,,RP,Kyle Hurt (42665628),Kyle Hurt,42665628,P,4000,LAD@COL 04/17/2026 08:40PM ET,LAD,4.45
,,,,,,,,,,,,,,,RP,Tanner Scott (42665635),Tanner Scott,42665635,P,4000,LAD@COL 04/17/2026 08:40PM ET,LAD,3.05
,,,,,,,,,,,,,,,RP,Victor Vodnik (42665651),Victor Vodnik,42665651,P,4000,LAD@COL 04/17/2026 08:40PM ET,COL,2.31
,,,,,,,,,,,,,,,RP,Sammy Peralta (42665656),Sammy Peralta,42665656,P,4000,LAD@COL 04/17/2026 08:40PM ET,COL,0
,,,,,,,,,,,,,,,RP,Will Klein (42665683),Will Klein,42665683,P,4000,LAD@COL 04/17/2026 08:40PM ET,LAD,6.37
,,,,,,,,,,,,,,,RP,Jimmy Herget (42665692),Jimmy Herget,42665692,P,4000,LAD@COL 04/17/2026 08:40PM ET,COL,3.01
,,,,,,,,,,,,,,,RP,Brennan Bernardino (42665704),Brennan Bernardino,42665704,P,4000,LAD@COL 04/17/2026 08:40PM ET,COL,2.48
,,,,,,,,,,,,,,,RP,Jack Dreyer (42665735),Jack Dreyer,42665735,P,4000,LAD@COL 04/17/2026 08:40PM ET,LAD,3.44
,,,,,,,,,,,,,,,RP,Jake Eder (42665739),Jake Eder,42665739,P,4000,LAD@COL 04/17/2026 08:40PM ET,LAD,0
,,,,,,,,,,,,,,,RP,Blake Treinen (42665749),Blake Treinen,42665749,P,4000,LAD@COL 04/17/2026 08:40PM ET,LAD,3.42
,,,,,,,,,,,,,,,RP,Ben Casparius (42665755),Ben Casparius,42665755,P,4000,LAD@COL 04/17/2026 08:40PM ET,LAD,0.5
,,,,,,,,,,,,,,,RP,Paul Gervase (42665767),Paul Gervase,42665767,P,4000,LAD@COL 04/17/2026 08:40PM ET,LAD,0
,,,,,,,,,,,,,,,RP,Edwin Diaz (42665780),Edwin Diaz,42665780,P,4000,LAD@COL 04/17/2026 08:40PM ET,LAD,3.82
,,,,,,,,,,,,,,,RP,Brock Stewart (42665789),Brock Stewart,42665789,P,4000,LAD@COL 04/17/2026 08:40PM ET,LAD,0
,,,,,,,,,,,,,,,RP,Edgardo Henriquez (42665801),Edgardo Henriquez,42665801,P,4000,LAD@COL 04/17/2026 08:40PM ET,LAD,2.37
,,,,,,,,,,,,,,,RP,Evan Phillips (42665805),Evan Phillips,42665805,P,4000,LAD@COL 04/17/2026 08:40PM ET,LAD,0
,,,,,,,,,,,,,,,RP,Jaden Hill (42665807),Jaden Hill,42665807,P,4000,LAD@COL 04/17/2026 08:40PM ET,COL,2.65
,,,,,,,,,,,,,,,OF,Cam Smith (42664990),Cam Smith,42664990,OF,4000,STL@HOU 04/17/2026 08:10PM ET,HOU,8.25
,,,,,,,,,,,,,,,SP,Tink Hence (42665555),Tink Hence,42665555,P,4000,STL@HOU 04/17/2026 08:10PM ET,STL,0
,,,,,,,,,,,,,,,RP,Cooper Hjerpe (42665560),Cooper Hjerpe,42665560,P,4000,STL@HOU 04/17/2026 08:10PM ET,STL,0
,,,,,,,,,,,,,,,RP,Bennett Sousa (42665604),Bennett Sousa,42665604,P,4000,STL@HOU 04/17/2026 08:10PM ET,HOU,0
,,,,,,,,,,,,,,,RP,Matt Svanson (42665606),Matt Svanson,42665606,P,4000,STL@HOU 04/17/2026 08:10PM ET,STL,-0.66
,,,,,,,,,,,,,,,RP,Ryne Stanek (42665611),Ryne Stanek,42665611,P,4000,STL@HOU 04/17/2026 08:10PM ET,STL,1.86
,,,,,,,,,,,,,,,SP,Riley O'Brien (42665616),Riley O'Brien,42665616,P,4000,STL@HOU 04/17/2026 08:10PM ET,STL,5.02
,,,,,,,,,,,,,,,RP,Ryan Fernandez (42665618),Ryan Fernandez,42665618,P,4000,STL@HOU 04/17/2026 08:10PM ET,STL,5.35
,,,,,,,,,,,,,,,RP,Christian Roa (42665649),Christian Roa,42665649,P,4000,STL@HOU 04/17/2026 08:10PM ET,HOU,1.36
,,,,,,,,,,,,,,,RP,Chris Roycroft (42665652),Chris Roycroft,42665652,P,4000,STL@HOU 04/17/2026 08:10PM ET,STL,-0.71
,,,,,,,,,,,,,,,RP,Steven Okert (42665658),Steven Okert,42665658,P,4000,STL@HOU 04/17/2026 08:10PM ET,HOU,2.61
,,,,,,,,,,,,,,,RP,Bryan Abreu (42665666),Bryan Abreu,42665666,P,4000,STL@HOU 04/17/2026 08:10PM ET,HOU,1.11
,,,,,,,,,,,,,,,RP,JoJo Romero (42665673),JoJo Romero,42665673,P,4000,STL@HOU 04/17/2026 08:10PM ET,STL,3.25
,,,,,,,,,,,,,,,RP,Justin Bruihl (42665678),Justin Bruihl,42665678,P,4000,STL@HOU 04/17/2026 08:10PM ET,STL,0.66
,,,,,,,,,,,,,,,RP,Kai-Wei Teng (42665685),Kai-Wei Teng,42665685,P,4000,STL@HOU 04/17/2026 08:10PM ET,HOU,5.03
,,,,,,,,,,,,,,,RP,Bryan King (42665695),Bryan King,42665695,P,4000,STL@HOU 04/17/2026 08:10PM ET,HOU,4.49
,,,,,,,,,,,,,,,RP,Jayden Murray (42665702),Jayden Murray,42665702,P,4000,STL@HOU 04/17/2026 08:10PM ET,HOU,3.5
,,,,,,,,,,,,,,,RP,Josh Hader (42665714),Josh Hader,42665714,P,4000,STL@HOU 04/17/2026 08:10PM ET,HOU,0
,,,,,,,,,,,,,,,RP,Matt Pushard (42665720),Matt Pushard,42665720,P,4000,STL@HOU 04/17/2026 08:10PM ET,STL,-4.15
,,,,,,,,,,,,,,,RP,Enyel De Los Santos (42665727),Enyel De Los Santos,42665727,P,4000,STL@HOU 04/17/2026 08:10PM ET,HOU,3.67
,,,,,,,,,,,,,,,RP,George Soriano (42665756),George Soriano,42665756,P,4000,STL@HOU 04/17/2026 08:10PM ET,STL,3.31
,,,,,,,,,,,,,,,OF,Randy Arozarena (42664992),Randy Arozarena,42664992,OF,4000,TEX@SEA 04/17/2026 09:40PM ET,SEA,8.7
,,,,,,,,,,,,,,,RP,Gavin Collyer (42665539),Gavin Collyer,42665539,P,4000,TEX@SEA 04/17/2026 09:40PM ET,TEX,2.75
,,,,,,,,,,,,,,,SP,Leandro Lopez (42665540),Leandro Lopez,42665540,P,4000,TEX@SEA 04/17/2026 09:40PM ET,TEX,0
,,,,,,,,,,,,,,,SP,Winston Santos (42665549),Winston Santos,42665549,P,4000,TEX@SEA 04/17/2026 09:40PM ET,TEX,0
,,,,,,,,,,,,,,,SP,David Davalillo (42665556),David Davalillo,42665556,P,4000,TEX@SEA 04/17/2026 09:40PM ET,TEX,0
,,,,,,,,,,,,,,,SP,Emiliano Teodo (42665557),Emiliano Teodo,42665557,P,4000,TEX@SEA 04/17/2026 09:40PM ET,TEX,0
,,,,,,,,,,,,,,,RP,Domingo Gonzalez (42665558),Domingo Gonzalez,42665558,P,4000,TEX@SEA 04/17/2026 09:40PM ET,SEA,0
,,,,,,,,,,,,,,,RP,Alex Hoppe (42665559),Alex Hoppe,42665559,P,4000,TEX@SEA 04/17/2026 09:40PM ET,SEA,0
,,,,,,,,,,,,,,,RP,Robinson Ortiz (42665582),Robinson Ortiz,42665582,P,4000,TEX@SEA 04/17/2026 09:40PM ET,SEA,0
,,,,,,,,,,,,,,,SP,Jose Corniell (42665596),Jose Corniell,42665596,P,4000,TEX@SEA 04/17/2026 09:40PM ET,TEX,0
,,,,,,,,,,,,,,,RP,Yosver Zulueta (42665622),Yosver Zulueta,42665622,P,4000,TEX@SEA 04/17/2026 09:40PM ET,SEA,0
,,,,,,,,,,,,,,,RP,Cole Wilcox (42665644),Cole Wilcox,42665644,P,4000,TEX@SEA 04/17/2026 09:40PM ET,SEA,3.32
,,,,,,,,,,,,,,,RP,Matt Brash (42665650),Matt Brash,42665650,P,4000,TEX@SEA 04/17/2026 09:40PM ET,SEA,3.3
,,,,,,,,,,,,,,,RP,Cole Winn (42665662),Cole Winn,42665662,P,4000,TEX@SEA 04/17/2026 09:40PM ET,TEX,3.21
,,,,,,,,,,,,,,,RP,Eduard Bazardo (42665676),Eduard Bazardo,42665676,P,4000,TEX@SEA 04/17/2026 09:40PM ET,SEA,2.81
,,,,,,,,,,,,,,,RP,Carlos Vargas (42665681),Carlos Vargas,42665681,P,4000,TEX@SEA 04/17/2026 09:40PM ET,SEA,0
,,,,,,,,,,,,,,,RP,Josh Simpson (42665682),Josh Simpson,42665682,P,4000,TEX@SEA 04/17/2026 09:40PM ET,SEA,0
,,,,,,,,,,,,,,,RP,Casey Legumina (42665684),Casey Legumina,42665684,P,4000,TEX@SEA 04/17/2026 09:40PM ET,SEA,4.02
,,,,,,,,,,,,,,,RP,Gabe Speier (42665693),Gabe Speier,42665693,P,4000,TEX@SEA 04/17/2026 09:40PM ET,SEA,2.37
,,,,,,,,,,,,,,,RP,Jose A. Ferrer (42665698),Jose A. Ferrer,42665698,P,4000,TEX@SEA 04/17/2026 09:40PM ET,SEA,1.97
,,,,,,,,,,,,,,,RP,Troy Taylor (42665710),Troy Taylor,42665710,P,4000,TEX@SEA 04/17/2026 09:40PM ET,SEA,0
,,,,,,,,,,,,,,,RP,Jalen Beeks (42665721),Jalen Beeks,42665721,P,4000,TEX@SEA 04/17/2026 09:40PM ET,TEX,3.23
,,,,,,,,,,,,,,,RP,Carter Baumler (42665722),Carter Baumler,42665722,P,4000,TEX@SEA 04/17/2026 09:40PM ET,TEX,3.54
,,,,,,,,,,,,,,,RP,Chris Martin (42665747),Chris Martin,42665747,P,4000,TEX@SEA 04/17/2026 09:40PM ET,TEX,1.88
,,,,,,,,,,,,,,,RP,Michel Otanez (42665775),Michel Otanez,42665775,P,4000,TEX@SEA 04/17/2026 09:40PM ET,TEX,0
,,,,,,,,,,,,,,,RP,Andres Munoz (42665788),Andres Munoz,42665788,P,4000,TEX@SEA 04/17/2026 09:40PM ET,SEA,3.03
,,,,,,,,,,,,,,,RP,Robert Garcia (42665794),Robert Garcia,42665794,P,4000,TEX@SEA 04/17/2026 09:40PM ET,TEX,1.87
,,,,,,,,,,,,,,,RP,Luis Curvelo (42665795),Luis Curvelo,42665795,P,4000,TEX@SEA 04/17/2026 09:40PM ET,TEX,1.61
,,,,,,,,,,,,,,,RP,Tyler Alexander (42665797),Tyler Alexander,42665797,P,4000,TEX@SEA 04/17/2026 09:40PM ET,TEX,3.26
,,,,,,,,,,,,,,,SS,Xander Bogaerts (42664994),Xander Bogaerts,42664994,SS,4000,SD@LAA 04/17/2026 09:38PM ET,SD,7.78
,,,,,,,,,,,,,,,OF,Jorge Soler (42665225),Jorge Soler,42665225,OF,4000,SD@LAA 04/17/2026 09:38PM ET,LAA,9.56
,,,,,,,,,,,,,,,RP,Garrett Hawkins (42665578),Garrett Hawkins,42665578,P,4000,SD@LAA 04/17/2026 09:38PM ET,SD,0
,,,,,,,,,,,,,,,SP,Miguel Mendez (42665588),Miguel Mendez,42665588,P,4000,SD@LAA 04/17/2026 09:38PM ET,SD,0
,,,,,,,,,,,,,,,RP,Ryan Zeferjahn (42665610),Ryan Zeferjahn,42665610,P,4000,SD@LAA 04/17/2026 09:38PM ET,LAA,5.73
,,,,,,,,,,,,,,,RP,Bryan Hoeing (42665615),Bryan Hoeing,42665615,P,4000,SD@LAA 04/17/2026 09:38PM ET,SD,0
,,,,,,,,,,,,,,,RP,Drew Pomeranz (42665640),Drew Pomeranz,42665640,P,4000,SD@LAA 04/17/2026 09:38PM ET,LAA,1.75
,,,,,,,,,,,,,,,RP,Ben Joyce (42665643),Ben Joyce,42665643,P,4000,SD@LAA 04/17/2026 09:38PM ET,LAA,0
,,,,,,,,,,,,,,,RP,David Morgan (42665659),David Morgan,42665659,P,4000,SD@LAA 04/17/2026 09:38PM ET,SD,6.21
,,,,,,,,,,,,,,,RP,Robert Stephenson (42665664),Robert Stephenson,42665664,P,4000,SD@LAA 04/17/2026 09:38PM ET,LAA,0
,,,,,,,,,,,,,,,RP,Mason Miller (42665697),Mason Miller,42665697,P,4000,SD@LAA 04/17/2026 09:38PM ET,SD,7.76
,,,,,,,,,,,,,,,RP,Nick Sandlin (42665701),Nick Sandlin,42665701,P,4000,SD@LAA 04/17/2026 09:38PM ET,LAA,-2.32
,,,,,,,,,,,,,,,RP,Sam Bachman (42665708),Sam Bachman,42665708,P,4000,SD@LAA 04/17/2026 09:38PM ET,LAA,4.12
,,,,,,,,,,,,,,,RP,Jeremiah Estrada (42665717),Jeremiah Estrada,42665717,P,4000,SD@LAA 04/17/2026 09:38PM ET,SD,3.11
,,,,,,,,,,,,,,,RP,Jordan Romano (42665719),Jordan Romano,42665719,P,4000,SD@LAA 04/17/2026 09:38PM ET,LAA,1.25
,,,,,,,,,,,,,,,RP,Ron Marinaccio (42665731),Ron Marinaccio,42665731,P,4000,SD@LAA 04/17/2026 09:38PM ET,SD,4.13
,,,,,,,,,,,,,,,RP,Brent Suter (42665745),Brent Suter,42665745,P,4000,SD@LAA 04/17/2026 09:38PM ET,LAA,6.34
,,,,,,,,,,,,,,,RP,Jason Adam (42665748),Jason Adam,42665748,P,4000,SD@LAA 04/17/2026 09:38PM ET,SD,1.05
,,,,,,,,,,,,,,,RP,Adrian Morejon (42665750),Adrian Morejon,42665750,P,4000,SD@LAA 04/17/2026 09:38PM ET,SD,1.92
,,,,,,,,,,,,,,,RP,Jose Fermin (42665754),Jose Fermin,42665754,P,4000,SD@LAA 04/17/2026 09:38PM ET,LAA,0
,,,,,,,,,,,,,,,RP,Kirby Yates (42665761),Kirby Yates,42665761,P,4000,SD@LAA 04/17/2026 09:38PM ET,LAA,0
,,,,,,,,,,,,,,,RP,Shaun Anderson (42665764),Shaun Anderson,42665764,P,4000,SD@LAA 04/17/2026 09:38PM ET,LAA,3.76
,,,,,,,,,,,,,,,RP,Wandy Peralta (42665770),Wandy Peralta,42665770,P,4000,SD@LAA 04/17/2026 09:38PM ET,SD,2.33
,,,,,,,,,,,,,,,RP,Bradgley Rodriguez (42665773),Bradgley Rodriguez,42665773,P,4000,SD@LAA 04/17/2026 09:38PM ET,SD,4.07
,,,,,,,,,,,,,,,RP,Ty Adcock (42665785),Ty Adcock,42665785,P,4000,SD@LAA 04/17/2026 09:38PM ET,SD,0
,,,,,,,,,,,,,,,RP,Yuki Matsui (42665793),Yuki Matsui,42665793,P,4000,SD@LAA 04/17/2026 09:38PM ET,SD,0
,,,,,,,,,,,,,,,RP,Alek Jacob (42665800),Alek Jacob,42665800,P,4000,SD@LAA 04/17/2026 09:38PM ET,SD,12.7
,,,,,,,,,,,,,,,RP,Kervin Castro (42665543),Kervin Castro,42665543,P,4000,KC@NYY 04/17/2026 07:05PM ET,NYY,0
,,,,,,,,,,,,,,,SP,Chase Hampton (42665551),Chase Hampton,42665551,P,4000,KC@NYY 04/17/2026 07:05PM ET,NYY,0
,,,,,,,,,,,,,,,SP,Elmer Rodriguez (42665553),Elmer Rodriguez,42665553,P,4000,KC@NYY 04/17/2026 07:05PM ET,NYY,0
,,,,,,,,,,,,,,,RP,Eric Cerantola (42665561),Eric Cerantola,42665561,P,4000,KC@NYY 04/17/2026 07:05PM ET,KC,0
,,,,,,,,,,,,,,,SP,Ben Kudrna (42665565),Ben Kudrna,42665565,P,4000,KC@NYY 04/17/2026 07:05PM ET,KC,0
,,,,,,,,,,,,,,,SP,Steven Zobac (42665567),Steven Zobac,42665567,P,4000,KC@NYY 04/17/2026 07:05PM ET,KC,0
,,,,,,,,,,,,,,,RP,James McArthur (42665589),James McArthur,42665589,P,4000,KC@NYY 04/17/2026 07:05PM ET,KC,0
,,,,,,,,,,,,,,,RP,John Schreiber (42665612),John Schreiber,42665612,P,4000,KC@NYY 04/17/2026 07:05PM ET,KC,0.48
,,,,,,,,,,,,,,,RP,Yerry de los Santos (42665614),Yerry de los Santos,42665614,P,4000,KC@NYY 04/17/2026 07:05PM ET,NYY,1.5
,,,,,,,,,,,,,,,RP,Alex Lange (42665621),Alex Lange,42665621,P,4000,KC@NYY 04/17/2026 07:05PM ET,KC,4.58
,,,,,,,,,,,,,,,RP,Eli Morgan (42665625),Eli Morgan,42665625,P,4000,KC@NYY 04/17/2026 07:05PM ET,KC,7.1
,,,,,,,,,,,,,,,RP,Jake Bird (42665629),Jake Bird,42665629,P,4000,KC@NYY 04/17/2026 07:05PM ET,NYY,2.39
,,,,,,,,,,,,,,,RP,Steven Cruz (42665639),Steven Cruz,42665639,P,4000,KC@NYY 04/17/2026 07:05PM ET,KC,0.53
,,,,,,,,,,,,,,,RP,Fernando Cruz (42665660),Fernando Cruz,42665660,P,4000,KC@NYY 04/17/2026 07:05PM ET,NYY,2.93
,,,,,,,,,,,,,,,RP,Nick Mears (42665667),Nick Mears,42665667,P,4000,KC@NYY 04/17/2026 07:05PM ET,KC,2.66
,,,,,,,,,,,,,,,RP,Matt Strahm (42665674),Matt Strahm,42665674,P,4000,KC@NYY 04/17/2026 07:05PM ET,KC,2.23
,,,,,,,,,,,,,,,RP,Brent Headrick (42665677),Brent Headrick,42665677,P,4000,KC@NYY 04/17/2026 07:05PM ET,NYY,3.09
,,,,,,,,,,,,,,,RP,Camilo Doval (42665699),Camilo Doval,42665699,P,4000,KC@NYY 04/17/2026 07:05PM ET,NYY,1.46
,,,,,,,,,,,,,,,RP,Carlos Estevez (42665718),Carlos Estevez,42665718,P,4000,KC@NYY 04/17/2026 07:05PM ET,KC,-14.85
,,,,,,,,,,,,,,,RP,Paul Blackburn (42665728),Paul Blackburn,42665728,P,4000,KC@NYY 04/17/2026 07:05PM ET,NYY,2.86
,,,,,,,,,,,,,,,RP,Tim Hill (42665759),Tim Hill,42665759,P,4000,KC@NYY 04/17/2026 07:05PM ET,NYY,2.36
,,,,,,,,,,,,,,,RP,Lucas Erceg (42665787),Lucas Erceg,42665787,P,4000,KC@NYY 04/17/2026 07:05PM ET,KC,1.24
,,,,,,,,,,,,,,,RP,David Bednar (42665791),David Bednar,42665791,P,4000,KC@NYY 04/17/2026 07:05PM ET,NYY,3.03
,,,,,,,,,,,,,,,RP,Angel Chivilli (42665812),Angel Chivilli,42665812,P,4000,KC@NYY 04/17/2026 07:05PM ET,NYY,1.7
,,,,,,,,,,,,,,,C,Alejandro Kirk (42665226),Alejandro Kirk,42665226,C,3900,TOR@ARI 04/17/2026 09:40PM ET,TOR,6
,,,,,,,,,,,,,,,OF,Kerry Carpenter (42664998),Kerry Carpenter,42664998,OF,3900,DET@BOS 04/17/2026 07:15PM ET,DET,5.71
,,,,,,,,,,,,,,,1B/3B,Colt Keith (42665001),Colt Keith,42665001,1B/3B,3900,DET@BOS 04/17/2026 07:15PM ET,DET,5.94
,,,,,,,,,,,,,,,SS,Trevor Story (42665004),Trevor Story,42665004,SS,3900,DET@BOS 04/17/2026 07:15PM ET,BOS,6.83
,,,,,,,,,,,,,,,2B,Gleyber Torres (42665005),Gleyber Torres,42665005,2B,3900,DET@BOS 04/17/2026 07:15PM ET,DET,6.78
,,,,,,,,,,,,,,,1B,Josh Bell (42665000),Josh Bell,42665000,1B,3900,CIN@MIN 04/17/2026 08:10PM ET,MIN,8.21
,,,,,,,,,,,,,,,OF,Tyler Freeman (42664999),Tyler Freeman,42664999,OF,3900,LAD@COL 04/17/2026 08:40PM ET,COL,5.5
,,,,,,,,,,,,,,,C,Yainer Diaz (42665003),Yainer Diaz,42665003,C,3900,STL@HOU 04/17/2026 08:10PM ET,HOU,4.93
,,,,,,,,,,,,,,,SS,Jacob Wilson (42665013),Jacob Wilson,42665013,SS,3800,CWS@ATH 04/17/2026 09:40PM ET,ATH,6.22
,,,,,,,,,,,,,,,OF,Mickey Moniak (42665007),Mickey Moniak,42665007,OF,3800,LAD@COL 04/17/2026 08:40PM ET,COL,8
,,,,,,,,,,,,,,,C,Dalton Rushing (42665008),Dalton Rushing,42665008,C,3800,LAD@COL 04/17/2026 08:40PM ET,LAD,18.2
,,,,,,,,,,,,,,,2B,Edouard Julien (42665012),Edouard Julien,42665012,2B,3800,LAD@COL 04/17/2026 08:40PM ET,COL,4.94
,,,,,,,,,,,,,,,3B,Brendan Donovan (42665009),Brendan Donovan,42665009,3B,3800,TEX@SEA 04/17/2026 09:40PM ET,SEA,8.29
,,,,,,,,,,,,,,,1B,Josh Naylor (42665010),Josh Naylor,42665010,1B,3800,TEX@SEA 04/17/2026 09:40PM ET,SEA,4.05
,,,,,,,,,,,,,,,OF,Trent Grisham (42665006),Trent Grisham,42665006,OF,3800,KC@NYY 04/17/2026 07:05PM ET,NYY,6.37
,,,,,,,,,,,,,,,1B,Paul Goldschmidt (42665011),Paul Goldschmidt,42665011,1B,3800,KC@NYY 04/17/2026 07:05PM ET,NYY,6
,,,,,,,,,,,,,,,1B/2B,Ildemaro Vargas (42665017),Ildemaro Vargas,42665017,1B/2B,3700,TOR@ARI 04/17/2026 09:40PM ET,ARI,10.25
,,,,,,,,,,,,,,,OF,Sal Frelick (42665015),Sal Frelick,42665015,OF,3700,MIL@MIA 04/17/2026 07:10PM ET,MIL,5.06
,,,,,,,,,,,,,,,3B/SS,David Hamilton (42665020),David Hamilton,42665020,3B/SS,3700,MIL@MIA 04/17/2026 07:10PM ET,MIL,6.14
,,,,,,,,,,,,,,,1B,TJ Rumfield (42665016),TJ Rumfield,42665016,1B,3700,LAD@COL 04/17/2026 08:40PM ET,COL,6
,,,,,,,,,,,,,,,C,Ivan Herrera (42665014),Ivan Herrera,42665014,C,3700,STL@HOU 04/17/2026 08:10PM ET,STL,6.28
,,,,,,,,,,,,,,,OF,Andrew McCutchen (42665019),Andrew McCutchen,42665019,OF,3700,TEX@SEA 04/17/2026 09:40PM ET,TEX,3.62
,,,,,,,,,,,,,,,OF,Lawrence Butler (42665024),Lawrence Butler,42665024,OF,3600,CWS@ATH 04/17/2026 09:40PM ET,ATH,5.17
,,,,,,,,,,,,,,,3B,Miguel Vargas (42665028),Miguel Vargas,42665028,3B,3600,CWS@ATH 04/17/2026 09:40PM ET,CWS,7.22
,,,,,,,,,,,,,,,OF,Lourdes Gurriel Jr. (42665227),Lourdes Gurriel Jr.,42665227,OF,3600,TOR@ARI 04/17/2026 09:40PM ET,ARI,0
,,,,,,,,,,,,,,,OF,TJ Friedl (42665027),TJ Friedl,42665027,OF,3600,CIN@MIN 04/17/2026 08:10PM ET,CIN,4.72
,,,,,,,,,,,,,,,2B,Alex Freeland (42665026),Alex Freeland,42665026,2B,3600,LAD@COL 04/17/2026 08:40PM ET,LAD,4.2
,,,,,,,,,,,,,,,OF,Joey Loperfido (42665023),Joey Loperfido,42665023,OF,3600,STL@HOU 04/17/2026 08:10PM ET,HOU,5.26
,,,,,,,,,,,,,,,1B,Nolan Schanuel (42665022),Nolan Schanuel,42665022,1B,3600,SD@LAA 04/17/2026 09:38PM ET,LAA,6.24
,,,,,,,,,,,,,,,C,Salvador Perez (42665025),Salvador Perez,42665025,C,3600,KC@NYY 04/17/2026 07:05PM ET,KC,4.90
,,,,,,,,,,,,,,,2B,Jeff McNeil (42665031),Jeff McNeil,42665031,2B,3500,CWS@ATH 04/17/2026 09:40PM ET,ATH,5.06
,,,,,,,,,,,,,,,C,Adrian Del Castillo (42665036),Adrian Del Castillo,42665036,C,3500,TOR@ARI 04/17/2026 09:40PM ET,ARI,9.57
,,,,,,,,,,,,,,,3B/OF,Addison Barger (42665230),Addison Barger,42665230,3B/OF,3500,TOR@ARI 04/17/2026 09:40PM ET,TOR,2.12
,,,,,,,,,,,,,,,1B/2B,Romy Gonzalez (42665228),Romy Gonzalez,42665228,1B/2B,3500,DET@BOS 04/17/2026 07:15PM ET,BOS,0
,,,,,,,,,,,,,,,1B/2B,Kody Clemens (42665032),Kody Clemens,42665032,1B/2B,3500,CIN@MIN 04/17/2026 08:10PM ET,MIN,6.18
,,,,,,,,,,,,,,,3B,Royce Lewis (42665232),Royce Lewis,42665232,3B,3500,CIN@MIN 04/17/2026 08:10PM ET,MIN,8.17
,,,,,,,,,,,,,,,OF,Garrett Mitchell (42665034),Garrett Mitchell,42665034,OF,3500,MIL@MIA 04/17/2026 07:10PM ET,MIL,7.56
,,,,,,,,,,,,,,,OF,Owen Caissie (42665035),Owen Caissie,42665035,OF,3500,MIL@MIA 04/17/2026 07:10PM ET,MIA,6.41
,,,,,,,,,,,,,,,OF,Brenton Doyle (42665039),Brenton Doyle,42665039,OF,3500,LAD@COL 04/17/2026 08:40PM ET,COL,5.67
,,,,,,,,,,,,,,,2B/OF,Brice Matthews (42665037),Brice Matthews,42665037,2B/OF,3500,STL@HOU 04/17/2026 08:10PM ET,HOU,2.67
,,,,,,,,,,,,,,,3B,Yoan Moncada (42665029),Yoan Moncada,42665029,3B,3500,SD@LAA 04/17/2026 09:38PM ET,LAA,6.25
,,,,,,,,,,,,,,,1B,Gavin Sheets (42665030),Gavin Sheets,42665030,1B,3500,SD@LAA 04/17/2026 09:38PM ET,SD,6.53
,,,,,,,,,,,,,,,OF,Jesus Sanchez (42665041),Jesus Sanchez,42665041,OF,3400,TOR@ARI 04/17/2026 09:40PM ET,TOR,6.24
,,,,,,,,,,,,,,,1B,Jose Fernandez (42665042),Jose Fernandez,42665042,1B,3400,TOR@ARI 04/17/2026 09:40PM ET,ARI,7.29
,,,,,,,,,,,,,,,2B,Matt McLain (42665040),Matt McLain,42665040,2B,3400,CIN@MIN 04/17/2026 08:10PM ET,CIN,6
,,,,,,,,,,,,,,,OF,Austin Martin (42665043),Austin Martin,42665043,OF,3400,CIN@MIN 04/17/2026 08:10PM ET,MIN,6.41
,,,,,,,,,,,,,,,OF,Griffin Conine (42665234),Griffin Conine,42665234,OF,3400,MIL@MIA 04/17/2026 07:10PM ET,MIA,6.36
,,,,,,,,,,,,,,,2B,Tommy Edman (42665233),Tommy Edman,42665233,2B,3400,LAD@COL 04/17/2026 08:40PM ET,LAD,0
,,,,,,,,,,,,,,,OF,Lars Nootbaar (42665235),Lars Nootbaar,42665235,OF,3400,STL@HOU 04/17/2026 08:10PM ET,STL,0
,,,,,,,,,,,,,,,2B/3B,Amed Rosario (42665044),Amed Rosario,42665044,2B/3B,3400,KC@NYY 04/17/2026 07:05PM ET,NYY,5.67
,,,,,,,,,,,,,,,OF,Carlos Cortes (42665051),Carlos Cortes,42665051,OF,3300,CWS@ATH 04/17/2026 09:40PM ET,ATH,5.23
,,,,,,,,,,,,,,,OF,Colby Thomas (42665239),Colby Thomas,42665239,OF,3300,CWS@ATH 04/17/2026 09:40PM ET,ATH,0
,,,,,,,,,,,,,,,C,Gabriel Moreno (42665236),Gabriel Moreno,42665236,C,3300,TOR@ARI 04/17/2026 09:40PM ET,ARI,5.62
,,,,,,,,,,,,,,,OF,Masataka Yoshida (42665049),Masataka Yoshida,42665049,OF,3300,DET@BOS 04/17/2026 07:15PM ET,BOS,6.09
,,,,,,,,,,,,,,,OF,Matt Wallner (42665050),Matt Wallner,42665050,OF,3300,CIN@MIN 04/17/2026 08:10PM ET,MIN,6.33
,,,,,,,,,,,,,,,1B/C,Gary Sanchez (42665047),Gary Sanchez,42665047,C/1B,3300,MIL@MIA 04/17/2026 07:10PM ET,MIL,9.5
,,,,,,,,,,,,,,,OF,Christopher Morel (42665240),Christopher Morel,42665240,OF,3300,MIL@MIA 04/17/2026 07:10PM ET,MIA,0
,,,,,,,,,,,,,,,OF,Alex Call (42665054),Alex Call,42665054,OF,3300,LAD@COL 04/17/2026 08:40PM ET,LAD,7.4
,,,,,,,,,,,,,,,OF,Jordan Beck (42665055),Jordan Beck,42665055,OF,3300,LAD@COL 04/17/2026 08:40PM ET,COL,4.46
,,,,,,,,,,,,,,,2B/SS,Hyeseong Kim (42665057),Hyeseong Kim,42665057,2B/SS,3300,LAD@COL 04/17/2026 08:40PM ET,LAD,6.38
,,,,,,,,,,,,,,,3B/OF,Kike Hernandez (42665237),Kike Hernandez,42665237,3B/OF,3300,LAD@COL 04/17/2026 08:40PM ET,LAD,0
,,,,,,,,,,,,,,,3B,Nolan Gorman (42665046),Nolan Gorman,42665046,3B,3300,STL@HOU 04/17/2026 08:10PM ET,STL,5.35
,,,,,,,,,,,,,,,OF,Luke Raley (42665053),Luke Raley,42665053,OF,3300,TEX@SEA 04/17/2026 09:40PM ET,SEA,8.22
,,,,,,,,,,,,,,,C,Danny Jansen (42665056),Danny Jansen,42665056,C,3300,TEX@SEA 04/17/2026 09:40PM ET,TEX,5.15
,,,,,,,,,,,,,,,2B,Jonathan India (42665052),Jonathan India,42665052,2B,3300,KC@NYY 04/17/2026 07:05PM ET,KC,6.13
,,,,,,,,,,,,,,,3B,Nolan Arenado (42665061),Nolan Arenado,42665061,3B,3200,TOR@ARI 04/17/2026 09:40PM ET,ARI,5.12
,,,,,,,,,,,,,,,1B,Pavin Smith (42665241),Pavin Smith,42665241,1B,3200,TOR@ARI 04/17/2026 09:40PM ET,ARI,5.5
,,,,,,,,,,,,,,,1B,Spencer Torkelson (42665059),Spencer Torkelson,42665059,1B,3200,DET@BOS 04/17/2026 07:15PM ET,DET,5.11
,,,,,,,,,,,,,,,OF,Ceddanne Rafaela (42665063),Ceddanne Rafaela,42665063,OF,3200,DET@BOS 04/17/2026 07:15PM ET,BOS,5.82
,,,,,,,,,,,,,,,C,Tyler Stephenson (42665066),Tyler Stephenson,42665066,C,3200,CIN@MIN 04/17/2026 08:10PM ET,CIN,4.5
,,,,,,,,,,,,,,,3B/OF,Javier Sanoja (42665064),Javier Sanoja,42665064,3B/OF,3200,MIL@MIA 04/17/2026 07:10PM ET,MIA,6.08
,,,,,,,,,,,,,,,3B,Kyle Karros (42665068),Kyle Karros,42665068,3B,3200,LAD@COL 04/17/2026 08:40PM ET,COL,4.10
,,,,,,,,,,,,,,,C,Christian Vazquez (42665062),Christian Vazquez,42665062,C,3200,STL@HOU 04/17/2026 08:10PM ET,HOU,9.12
,,,,,,,,,,,,,,,SS,Masyn Winn (42665070),Masyn Winn,42665070,SS,3200,STL@HOU 04/17/2026 08:10PM ET,STL,5.79
,,,,,,,,,,,,,,,2B,Josh Smith (42665069),Josh Smith,42665069,2B,3200,TEX@SEA 04/17/2026 09:40PM ET,TEX,3.72
,,,,,,,,,,,,,,,OF,Josh Lowe (42665060),Josh Lowe,42665060,OF,3200,SD@LAA 04/17/2026 09:38PM ET,LAA,4.47
,,,,,,,,,,,,,,,2B,Jake Cronenworth (42665067),Jake Cronenworth,42665067,2B,3200,SD@LAA 04/17/2026 09:38PM ET,SD,4.22
,,,,,,,,,,,,,,,2B,Chase Meidroth (42665073),Chase Meidroth,42665073,2B,3100,CWS@ATH 04/17/2026 09:40PM ET,CWS,5.76
,,,,,,,,,,,,,,,C,Kyle Teel (42665243),Kyle Teel,42665243,C,3100,CWS@ATH 04/17/2026 09:40PM ET,CWS,0
,,,,,,,,,,,,,,,1B/C,Victor Caratini (42665071),Victor Caratini,42665071,C/1B,3100,CIN@MIN 04/17/2026 08:10PM ET,MIN,6.19
,,,,,,,,,,,,,,,OF,Jake McCarthy (42665078),Jake McCarthy,42665078,OF,3100,LAD@COL 04/17/2026 08:40PM ET,COL,4.38
,,,,,,,,,,,,,,,2B/SS,Miguel Rojas (42665079),Miguel Rojas,42665079,2B/SS,3100,LAD@COL 04/17/2026 08:40PM ET,LAD,4
,,,,,,,,,,,,,,,3B,Ramon Urias (42665075),Ramon Urias,42665075,3B,3100,STL@HOU 04/17/2026 08:10PM ET,STL,4.73
,,,,,,,,,,,,,,,OF,Jake Meyers (42665244),Jake Meyers,42665244,OF,3100,STL@HOU 04/17/2026 08:10PM ET,HOU,5.92
,,,,,,,,,,,,,,,OF,Dominic Canzone (42665076),Dominic Canzone,42665076,OF,3100,TEX@SEA 04/17/2026 09:40PM ET,SEA,5.56
,,,,,,,,,,,,,,,OF,Sam Haggerty (42665077),Sam Haggerty,42665077,OF,3100,TEX@SEA 04/17/2026 09:40PM ET,TEX,1.89
,,,,,,,,,,,,,,,OF,Victor Robles (42665245),Victor Robles,42665245,OF,3100,TEX@SEA 04/17/2026 09:40PM ET,SEA,3.6
,,,,,,,,,,,,,,,2B,Christian Moore (42665242),Christian Moore,42665242,2B,3100,SD@LAA 04/17/2026 09:38PM ET,LAA,0
,,,,,,,,,,,,,,,OF,Kyle Isbel (42665074),Kyle Isbel,42665074,OF,3100,KC@NYY 04/17/2026 07:05PM ET,KC,6.81
,,,,,,,,,,,,,,,2B/OF,Zack Gelof (42665084),Zack Gelof,42665084,2B/OF,3000,CWS@ATH 04/17/2026 09:40PM ET,ATH,1
,,,,,,,,,,,,,,,OF,Austin Hays (42665246),Austin Hays,42665246,OF,3000,CWS@ATH 04/17/2026 09:40PM ET,CWS,5.33
,,,,,,,,,,,,,,,SS,Andres Gimenez (42665083),Andres Gimenez,42665083,SS,3000,TOR@ARI 04/17/2026 09:40PM ET,TOR,8
,,,,,,,,,,,,,,,OF,Parker Meadows (42665248),Parker Meadows,42665248,OF,3000,DET@BOS 04/17/2026 07:15PM ET,DET,5.42
,,,,,,,,,,,,,,,OF,Trevor Larnach (42665086),Trevor Larnach,42665086,OF,3000,CIN@MIN 04/17/2026 08:10PM ET,MIN,5.92
,,,,,,,,,,,,,,,3B/SS,Tristan Gray (42665088),Tristan Gray,42665088,3B/SS,3000,CIN@MIN 04/17/2026 08:10PM ET,MIN,7.6
,,,,,,,,,,,,,,,OF,JJ Bleday (42665252),JJ Bleday,42665252,OF,3000,CIN@MIN 04/17/2026 08:10PM ET,CIN,0
,,,,,,,,,,,,,,,1B,Andrew Vaughn (42665250),Andrew Vaughn,42665250,1B,3000,MIL@MIA 04/17/2026 07:10PM ET,MIL,5
,,,,,,,,,,,,,,,2B/3B,Santiago Espinal (42665090),Santiago Espinal,42665090,2B/3B,3000,LAD@COL 04/17/2026 08:40PM ET,LAD,2
,,,,,,,,,,,,,,,OF,Zach Cole (42665247),Zach Cole,42665247,OF,3000,STL@HOU 04/17/2026 08:10PM ET,HOU,0
,,,,,,,,,,,,,,,1B,Joc Pederson (42665082),Joc Pederson,42665082,1B,3000,TEX@SEA 04/17/2026 09:40PM ET,TEX,4
,,,,,,,,,,,,,,,3B,Josh Jung (42665092),Josh Jung,42665092,3B,3000,TEX@SEA 04/17/2026 09:40PM ET,TEX,5.75
,,,,,,,,,,,,,,,SS,Colt Emerson (42665251),Colt Emerson,42665251,SS,3000,TEX@SEA 04/17/2026 09:40PM ET,SEA,0
,,,,,,,,,,,,,,,C,Logan O'Hoppe (42665081),Logan O'Hoppe,42665081,C,3000,SD@LAA 04/17/2026 09:38PM ET,LAA,5.06
,,,,,,,,,,,,,,,3B,Sung-Mun Song (42665249),Sung-Mun Song,42665249,3B,3000,SD@LAA 04/17/2026 09:38PM ET,SD,0
,,,,,,,,,,,,,,,OF,Jac Caglianone (42665087),Jac Caglianone,42665087,OF,3000,KC@NYY 04/17/2026 07:05PM ET,KC,4.94
,,,,,,,,,,,,,,,OF,Jasson Dominguez (42665253),Jasson Dominguez,42665253,OF,3000,KC@NYY 04/17/2026 07:05PM ET,NYY,0
,,,,,,,,,,,,,,,2B/3B,Ernie Clement (42665100),Ernie Clement,42665100,2B/3B,2900,TOR@ARI 04/17/2026 09:40PM ET,TOR,5.67
,,,,,,,,,,,,,,,OF/SS,Javier Baez (42665096),Javier Baez,42665096,SS/OF,2900,DET@BOS 04/17/2026 07:15PM ET,DET,6.21
,,,,,,,,,,,,,,,OF,Spencer Steer (42665104),Spencer Steer,42665104,OF,2900,CIN@MIN 04/17/2026 08:10PM ET,CIN,5.47
,,,,,,,,,,,,,,,OF,Blake Dunn (42665255),Blake Dunn,42665255,OF,2900,CIN@MIN 04/17/2026 08:10PM ET,CIN,0
,,,,,,,,,,,,,,,C,Brett Sullivan (42665093),Brett Sullivan,42665093,C,2900,LAD@COL 04/17/2026 08:40PM ET,COL,3.08
,,,,,,,,,,,,,,,OF,Victor Scott II (42665103),Victor Scott II,42665103,OF,2900,STL@HOU 04/17/2026 08:10PM ET,STL,4.17
,,,,,,,,,,,,,,,OF,Zach Dezenzo (42665254),Zach Dezenzo,42665254,OF,2900,STL@HOU 04/17/2026 08:10PM ET,HOU,0
,,,,,,,,,,,,,,,2B,Cole Young (42665102),Cole Young,42665102,2B,2900,TEX@SEA 04/17/2026 09:40PM ET,SEA,6.5
,,,,,,,,,,,,,,,2B/3B,Oswald Peraza (42665094),Oswald Peraza,42665094,2B/3B,2900,SD@LAA 04/17/2026 09:38PM ET,LAA,7.28
,,,,,,,,,,,,,,,3B/OF,Miguel Andujar (42665098),Miguel Andujar,42665098,3B/OF,2900,SD@LAA 04/17/2026 09:38PM ET,SD,5.77
,,,,,,,,,,,,,,,1B/3B,Andy Ibanez (42665119),Andy Ibanez,42665119,1B/3B,2800,CWS@ATH 04/17/2026 09:40PM ET,ATH,1.75
,,,,,,,,,,,,,,,OF,Alek Thomas (42665108),Alek Thomas,42665108,OF,2800,TOR@ARI 04/17/2026 09:40PM ET,ARI,4.93
,,,,,,,,,,,,,,,OF,Anthony Santander (42665256),Anthony Santander,42665256,OF,2800,TOR@ARI 04/17/2026 09:40PM ET,TOR,0
,,,,,,,,,,,,,,,2B/OF,Zach McKinstry (42665109),Zach McKinstry,42665109,2B/OF,2800,DET@BOS 04/17/2026 07:15PM ET,DET,4.14
,,,,,,,,,,,,,,,2B,Marcelo Mayer (42665111),Marcelo Mayer,42665111,2B,2800,DET@BOS 04/17/2026 07:15PM ET,BOS,4.44
,,,,,,,,,,,,,,,OF,Rece Hinds (42665117),Rece Hinds,42665117,OF,2800,CIN@MIN 04/17/2026 08:10PM ET,CIN,0
,,,,,,,,,,,,,,,3B,Luis Rengifo (42665112),Luis Rengifo,42665112,3B,2800,MIL@MIA 04/17/2026 07:10PM ET,MIL,3.29
,,,,,,,,,,,,,,,OF,Heriberto Hernandez (42665114),Heriberto Hernandez,42665114,OF,2800,MIL@MIA 04/17/2026 07:10PM ET,MIA,4.87
,,,,,,,,,,,,,,,C,Kyle Higashioka (42665116),Kyle Higashioka,42665116,C,2800,TEX@SEA 04/17/2026 09:40PM ET,TEX,6.5
,,,,,,,,,,,,,,,OF,Rob Refsnyder (42665257),Rob Refsnyder,42665257,OF,2800,TEX@SEA 04/17/2026 09:40PM ET,SEA,0.75
,,,,,,,,,,,,,,,2B/OF,Adam Frazier (42665106),Adam Frazier,42665106,2B/OF,2800,SD@LAA 04/17/2026 09:38PM ET,LAA,5.5
,,,,,,,,,,,,,,,OF,Nick Castellanos (42665115),Nick Castellanos,42665115,OF,2800,SD@LAA 04/17/2026 09:38PM ET,SD,3.46
,,,,,,,,,,,,,,,SS,Jose Caballero (42665105),Jose Caballero,42665105,SS,2800,KC@NYY 04/17/2026 07:05PM ET,NYY,7.22
,,,,,,,,,,,,,,,OF,Starling Marte (42665113),Starling Marte,42665113,OF,2800,KC@NYY 04/17/2026 07:05PM ET,KC,3
,,,,,,,,,,,,,,,C,Austin Wells (42665118),Austin Wells,42665118,C,2800,KC@NYY 04/17/2026 07:05PM ET,NYY,4.12
,,,,,,,,,,,,,,,SS,Anthony Volpe (42665258),Anthony Volpe,42665258,SS,2800,KC@NYY 04/17/2026 07:05PM ET,NYY,0
,,,,,,,,,,,,,,,OF,Andrew Benintendi (42665122),Andrew Benintendi,42665122,OF,2700,CWS@ATH 04/17/2026 09:40PM ET,CWS,3.18
,,,,,,,,,,,,,,,C,Aramis Garcia (42665126),Aramis Garcia,42665126,C,2700,TOR@ARI 04/17/2026 09:40PM ET,ARI,0
,,,,,,,,,,,,,,,3B,Caleb Durbin (42665124),Caleb Durbin,42665124,3B,2700,DET@BOS 04/17/2026 07:15PM ET,BOS,3.94
,,,,,,,,,,,,,,,SS,Brooks Lee (42665121),Brooks Lee,42665121,SS,2700,CIN@MIN 04/17/2026 08:10PM ET,MIN,5.88
,,,,,,,,,,,,,,,OF,Will Benson (42665127),Will Benson,42665127,OF,2700,CIN@MIN 04/17/2026 08:10PM ET,CIN,2.27
,,,,,,,,,,,,,,,1B,Connor Norby (42665125),Connor Norby,42665125,1B,2700,MIL@MIA 04/17/2026 07:10PM ET,MIA,6.65
,,,,,,,,,,,,,,,OF,Taylor Trammell (42665123),Taylor Trammell,42665123,OF,2700,STL@HOU 04/17/2026 08:10PM ET,HOU,5
,,,,,,,,,,,,,,,2B/OF,Nick Loftin (42665259),Nick Loftin,42665259,2B/OF,2700,KC@NYY 04/17/2026 07:05PM ET,KC,4.5
,,,,,,,,,,,,,,,OF,Brooks Baldwin (42665261),Brooks Baldwin,42665261,OF,2600,CWS@ATH 04/17/2026 09:40PM ET,CWS,0
,,,,,,,,,,,,,,,2B/OF,Davis Schneider (42665128),Davis Schneider,42665128,2B/OF,2600,TOR@ARI 04/17/2026 09:40PM ET,TOR,5.31
,,,,,,,,,,,,,,,OF,Noelvi Marte (42665262),Noelvi Marte,42665262,OF,2600,CIN@MIN 04/17/2026 08:10PM ET,CIN,2.27
,,,,,,,,,,,,,,,C,Pedro Pages (42665130),Pedro Pages,42665130,C,2600,STL@HOU 04/17/2026 08:10PM ET,STL,4.75
,,,,,,,,,,,,,,,SS,J.P. Crawford (42665131),J.P. Crawford,42665131,SS,2600,TEX@SEA 04/17/2026 09:40PM ET,SEA,5.17
,,,,,,,,,,,,,,,3B/OF,Ezequiel Duran (42665132),Ezequiel Duran,42665132,3B/OF,2600,TEX@SEA 04/17/2026 09:40PM ET,TEX,5.5
,,,,,,,,,,,,,,,3B,Ryan McMahon (42665134),Ryan McMahon,42665134,3B,2600,KC@NYY 04/17/2026 07:05PM ET,NYY,2.29
,,,,,,,,,,,,,,,C,James McCann (42665137),James McCann,42665137,C,2500,TOR@ARI 04/17/2026 09:40PM ET,ARI,4
,,,,,,,,,,,,,,,1B,Carlos Santana (42665265),Carlos Santana,42665265,1B,2500,TOR@ARI 04/17/2026 09:40PM ET,ARI,1.75
,,,,,,,,,,,,,,,2B/OF,Tyler Fitzgerald (42665266),Tyler Fitzgerald,42665266,2B/OF,2500,TOR@ARI 04/17/2026 09:40PM ET,TOR,0
,,,,,,,,,,,,,,,OF,Wenceel Perez (42665140),Wenceel Perez,42665140,OF,2500,DET@BOS 04/17/2026 07:15PM ET,DET,3.2
,,,,,,,,,,,,,,,SS,Joey Ortiz (42665135),Joey Ortiz,42665135,SS,2500,MIL@MIA 04/17/2026 07:10PM ET,MIL,5.57
,,,,,,,,,,,,,,,3B,Graham Pauley (42665139),Graham Pauley,42665139,3B,2500,MIL@MIA 04/17/2026 07:10PM ET,MIA,4.2
,,,,,,,,,,,,,,,1B,Blaine Crim (42665264),Blaine Crim,42665264,1B,2500,LAD@COL 04/17/2026 08:40PM ET,COL,0
,,,,,,,,,,,,,,,OF,Nathan Church (42665142),Nathan Church,42665142,OF,2500,STL@HOU 04/17/2026 08:10PM ET,STL,4.25
,,,,,,,,,,,,,,,OF,Rhylan Thomas (42665268),Rhylan Thomas,42665268,OF,2500,TEX@SEA 04/17/2026 09:40PM ET,SEA,0
,,,,,,,,,,,,,,,2B,Cody Freeman (42665269),Cody Freeman,42665269,2B,2500,TEX@SEA 04/17/2026 09:40PM ET,TEX,0
,,,,,,,,,,,,,,,C,Luis Campusano (42665136),Luis Campusano,42665136,C,2500,SD@LAA 04/17/2026 09:38PM ET,SD,6.6
,,,,,,,,,,,,,,,SS,Denzer Guzman (42665263),Denzer Guzman,42665263,SS,2500,SD@LAA 04/17/2026 09:38PM ET,LAA,0
,,,,,,,,,,,,,,,OF,Isaac Collins (42665138),Isaac Collins,42665138,OF,2500,KC@NYY 04/17/2026 07:05PM ET,KC,4.5
,,,,,,,,,,,,,,,OF,Lane Thomas (42665141),Lane Thomas,42665141,OF,2500,KC@NYY 04/17/2026 07:05PM ET,KC,3.47
,,,,,,,,,,,,,,,OF/SS,Luisangel Acuna (42665147),Luisangel Acuna,42665147,SS/OF,2400,CWS@ATH 04/17/2026 09:40PM ET,CWS,4.06
,,,,,,,,,,,,,,,OF,Nathan Lukes (42665146),Nathan Lukes,42665146,OF,2400,TOR@ARI 04/17/2026 09:40PM ET,TOR,1.38
,,,,,,,,,,,,,,,3B/OF,Jordan Lawlar (42665270),Jordan Lawlar,42665270,3B/OF,2400,TOR@ARI 04/17/2026 09:40PM ET,ARI,7.67
,,,,,,,,,,,,,,,C,Connor Wong (42665150),Connor Wong,42665150,C,2400,DET@BOS 04/17/2026 07:15PM ET,BOS,5.71
,,,,,,,,,,,,,,,OF,Jahmai Jones (42665152),Jahmai Jones,42665152,OF,2400,DET@BOS 04/17/2026 07:15PM ET,DET,0.88
,,,,,,,,,,,,,,,OF,Brandon Lockridge (42665149),Brandon Lockridge,42665149,OF,2400,MIL@MIA 04/17/2026 07:10PM ET,MIL,5.31
,,,,,,,,,,,,,,,2B/3B,Maximo Acosta (42665272),Maximo Acosta,42665272,2B/3B,2400,MIL@MIA 04/17/2026 07:10PM ET,MIA,0
,,,,,,,,,,,,,,,C,Travis d'Arnaud (42665143),Travis d'Arnaud,42665143,C,2400,SD@LAA 04/17/2026 09:38PM ET,LAA,3
,,,,,,,,,,,,,,,1B/2B,Vaughn Grissom (42665144),Vaughn Grissom,42665144,1B/2B,2400,SD@LAA 04/17/2026 09:38PM ET,LAA,7
,,,,,,,,,,,,,,,C,Freddy Fermin (42665151),Freddy Fermin,42665151,C,2400,SD@LAA 04/17/2026 09:38PM ET,SD,3.13
,,,,,,,,,,,,,,,2B/OF,Michael Massey (42665153),Michael Massey,42665153,2B/OF,2400,KC@NYY 04/17/2026 07:05PM ET,KC,1.88
,,,,,,,,,,,,,,,OF,Everson Pereira (42665155),Everson Pereira,42665155,OF,2300,CWS@ATH 04/17/2026 09:40PM ET,CWS,9.71
,,,,,,,,,,,,,,,OF,Tristan Peters (42665161),Tristan Peters,42665161,OF,2300,CWS@ATH 04/17/2026 09:40PM ET,CWS,2.59
,,,,,,,,,,,,,,,OF,Denzel Clarke (42665168),Denzel Clarke,42665168,OF,2300,CWS@ATH 04/17/2026 09:40PM ET,ATH,3.17
,,,,,,,,,,,,,,,1B/2B,Lenyn Sosa (42665156),Lenyn Sosa,42665156,1B/2B,2300,TOR@ARI 04/17/2026 09:40PM ET,TOR,3.33
,,,,,,,,,,,,,,,OF,Jorge Barrosa (42665158),Jorge Barrosa,42665158,OF,2300,TOR@ARI 04/17/2026 09:40PM ET,ARI,5.85
,,,,,,,,,,,,,,,C,Tyler Heineman (42665159),Tyler Heineman,42665159,C,2300,TOR@ARI 04/17/2026 09:40PM ET,TOR,2.73
,,,,,,,,,,,,,,,1B,Tyler Locklear (42665274),Tyler Locklear,42665274,1B,2300,TOR@ARI 04/17/2026 09:40PM ET,ARI,0
,,,,,,,,,,,,,,,C,Carlos Narvaez (42665160),Carlos Narvaez,42665160,C,2300,DET@BOS 04/17/2026 07:15PM ET,BOS,2.67
,,,,,,,,,,,,,,,SS,Trey Sweeney (42665275),Trey Sweeney,42665275,SS,2300,DET@BOS 04/17/2026 07:15PM ET,DET,0
,,,,,,,,,,,,,,,1B,Nathaniel Lowe (42665163),Nathaniel Lowe,42665163,1B,2300,CIN@MIN 04/17/2026 08:10PM ET,CIN,3.4
,,,,,,,,,,,,,,,3B/OF,Ryan Kreidler (42665169),Ryan Kreidler,42665169,3B/OF,2300,CIN@MIN 04/17/2026 08:10PM ET,MIN,11.33
,,,,,,,,,,,,,,,C,Jose Trevino (42665276),Jose Trevino,42665276,C,2300,CIN@MIN 04/17/2026 08:10PM ET,CIN,1.67
,,,,,,,,,,,,,,,OF,Luis Matos (42665162),Luis Matos,42665162,OF,2300,MIL@MIA 04/17/2026 07:10PM ET,MIL,1.83
,,,,,,,,,,,,,,,OF,Austin Slater (42665164),Austin Slater,42665164,OF,2300,MIL@MIA 04/17/2026 07:10PM ET,MIA,2.9
,,,,,,,,,,,,,,,OF/SS,Thomas Saggese (42665166),Thomas Saggese,42665166,SS/OF,2300,STL@HOU 04/17/2026 08:10PM ET,STL,4.08
,,,,,,,,,,,,,,,2B/3B,Shay Whitcomb (42665171),Shay Whitcomb,42665171,2B/3B,2300,STL@HOU 04/17/2026 08:10PM ET,HOU,0.67
,,,,,,,,,,,,,,,3B/SS,Leo Rivas (42665173),Leo Rivas,42665173,3B/SS,2300,TEX@SEA 04/17/2026 09:40PM ET,SEA,4.29
,,,,,,,,,,,,,,,C,Jhonny Pereda (42665277),Jhonny Pereda,42665277,C,2300,TEX@SEA 04/17/2026 09:40PM ET,SEA,0
,,,,,,,,,,,,,,,OF,Bryce Johnson (42665165),Bryce Johnson,42665165,OF,2300,SD@LAA 04/17/2026 09:38PM ET,SD,1.6
,,,,,,,,,,,,,,,C,J.C. Escarra (42665175),J.C. Escarra,42665175,C,2300,KC@NYY 04/17/2026 07:05PM ET,NYY,1.17
,,,,,,,,,,,,,,,OF,Derek Hill (42665179),Derek Hill,42665179,OF,2200,CWS@ATH 04/17/2026 09:40PM ET,CWS,3.13
,,,,,,,,,,,,,,,3B/OF,Tanner Murray (42665180),Tanner Murray,42665180,3B/OF,2200,CWS@ATH 04/17/2026 09:40PM ET,CWS,4.25
,,,,,,,,,,,,,,,C,Austin Wynns (42665186),Austin Wynns,42665186,C,2200,CWS@ATH 04/17/2026 09:40PM ET,ATH,1.43
,,,,,,,,,,,,,,,OF,Myles Straw (42665177),Myles Straw,42665177,OF,2200,TOR@ARI 04/17/2026 09:40PM ET,TOR,2.92
,,,,,,,,,,,,,,,C,Jake Rogers (42665178),Jake Rogers,42665178,C,2200,DET@BOS 04/17/2026 07:15PM ET,DET,3
,,,,,,,,,,,,,,,1B/SS,Andruw Monasterio (42665182),Andruw Monasterio,42665182,1B/SS,2200,DET@BOS 04/17/2026 07:15PM ET,BOS,4.38
,,,,,,,,,,,,,,,3B,Ke'Bryan Hayes (42665190),Ke'Bryan Hayes,42665190,3B,2200,CIN@MIN 04/17/2026 08:10PM ET,CIN,1.12
,,,,,,,,,,,,,,,OF,Blake Perkins (42665187),Blake Perkins,42665187,OF,2200,MIL@MIA 04/17/2026 07:10PM ET,MIL,3.18
,,,,,,,,,,,,,,,SS,Nick Allen (42665184),Nick Allen,42665184,SS,2200,STL@HOU 04/17/2026 08:10PM ET,HOU,2.38
,,,,,,,,,,,,,,,C,Mitch Garver (42665188),Mitch Garver,42665188,C,2200,TEX@SEA 04/17/2026 09:40PM ET,SEA,2.4
,,,,,,,,,,,,,,,OF,Bryce Teodosio (42665176),Bryce Teodosio,42665176,OF,2200,SD@LAA 04/17/2026 09:38PM ET,LAA,1.06
,,,,,,,,,,,,,,,1B,Ty France (42665185),Ty France,42665185,1B,2200,SD@LAA 04/17/2026 09:38PM ET,SD,5.12
,,,,,,,,,,,,,,,OF,Randal Grichuk (42665189),Randal Grichuk,42665189,OF,2200,KC@NYY 04/17/2026 07:05PM ET,NYY,1.54
,,,,,,,,,,,,,,,OF,John Rave (42665278),John Rave,42665278,OF,2200,KC@NYY 04/17/2026 07:05PM ET,KC,0
,,,,,,,,,,,,,,,C,Edgar Quero (42665196),Edgar Quero,42665196,C,2100,CWS@ATH 04/17/2026 09:40PM ET,CWS,2.93
,,,,,,,,,,,,,,,C,Reese McGuire (42665197),Reese McGuire,42665197,C,2100,CWS@ATH 04/17/2026 09:40PM ET,CWS,2
,,,,,,,,,,,,,,,2B/SS,Darell Hernaiz (42665200),Darell Hernaiz,42665200,2B/SS,2100,CWS@ATH 04/17/2026 09:40PM ET,ATH,2.18
,,,,,,,,,,,,,,,C,Brandon Valenzuela (42665191),Brandon Valenzuela,42665191,C,2100,TOR@ARI 04/17/2026 09:40PM ET,TOR,3.22
,,,,,,,,,,,,,,,OF,Tim Tawa (42665192),Tim Tawa,42665192,OF,2100,TOR@ARI 04/17/2026 09:40PM ET,ARI,1.92
,,,,,,,,,,,,,,,OF,Matt Vierling (42665193),Matt Vierling,42665193,OF,2100,DET@BOS 04/17/2026 07:15PM ET,DET,3.54
,,,,,,,,,,,,,,,2B/3B,Isiah Kiner-Falefa (42665194),Isiah Kiner-Falefa,42665194,2B/3B,2100,DET@BOS 04/17/2026 07:15PM ET,BOS,2.75
,,,,,,,,,,,,,,,OF,Dane Myers (42665204),Dane Myers,42665204,OF,2100,CIN@MIN 04/17/2026 08:10PM ET,CIN,1.94
,,,,,,,,,,,,,,,2B/SS,Leo Jimenez (42665198),Leo Jimenez,42665198,2B/SS,2100,MIL@MIA 04/17/2026 07:10PM ET,MIA,1.83
,,,,,,,,,,,,,,,2B/OF,Jose Fermin (42665202),Jose Fermin,42665202,2B/OF,2100,STL@HOU 04/17/2026 08:10PM ET,STL,2.43
,,,,,,,,,,,,,,,OF,Connor Joe (42665205),Connor Joe,42665205,OF,2100,TEX@SEA 04/17/2026 09:40PM ET,SEA,0
,,,,,,,,,,,,,,,OF,Kameron Misner (42665279),Kameron Misner,42665279,OF,2100,KC@NYY 04/17/2026 07:05PM ET,KC,0
,,,,,,,,,,,,,,,2B/3B,Sam Antonacci (42665209),Sam Antonacci,42665209,2B/3B,2000,CWS@ATH 04/17/2026 09:40PM ET,CWS,3.5
,,,,,,,,,,,,,,,3B,Brett Harris (42665288),Brett Harris,42665288,3B,2000,CWS@ATH 04/17/2026 09:40PM ET,ATH,0
,,,,,,,,,,,,,,,OF,Junior Perez (42665298),Junior Perez,42665298,OF,2000,CWS@ATH 04/17/2026 09:40PM ET,ATH,0
,,,,,,,,,,,,,,,OF,Eloy Jimenez (42665206),Eloy Jimenez,42665206,OF,2000,TOR@ARI 04/17/2026 09:40PM ET,TOR,2.67
,,,,,,,,,,,,,,,1B,Luken Baker (42665207),Luken Baker,42665207,1B,2000,TOR@ARI 04/17/2026 09:40PM ET,ARI,1
,,,,,,,,,,,,,,,OF,Jonatan Clase (42665282),Jonatan Clase,42665282,OF,2000,TOR@ARI 04/17/2026 09:40PM ET,TOR,0
,,,,,,,,,,,,,,,1B/3B,Juan Yepez (42665305),Juan Yepez,42665305,1B/3B,2000,TOR@ARI 04/17/2026 09:40PM ET,TOR,0
,,,,,,,,,,,,,,,OF,Nate Eaton (42665280),Nate Eaton,42665280,OF,2000,DET@BOS 04/17/2026 07:15PM ET,BOS,0
,,,,,,,,,,,,,,,C,Eduardo Valencia (42665290),Eduardo Valencia,42665290,C,2000,DET@BOS 04/17/2026 07:15PM ET,DET,0
,,,,,,,,,,,,,,,C,Thayron Liranzo (42665294),Thayron Liranzo,42665294,C,2000,DET@BOS 04/17/2026 07:15PM ET,DET,0
,,,,,,,,,,,,,,,OF,Trei Cruz (42665295),Trei Cruz,42665295,OF,2000,DET@BOS 04/17/2026 07:15PM ET,DET,0
,,,,,,,,,,,,,,,2B,Hao-Yu Lee (42665311),Hao-Yu Lee,42665311,2B,2000,DET@BOS 04/17/2026 07:15PM ET,DET,0
,,,,,,,,,,,,,,,1B,Triston Casas (42665316),Triston Casas,42665316,1B,2000,DET@BOS 04/17/2026 07:15PM ET,BOS,0
,,,,,,,,,,,,,,,2B,Kristian Campbell (42665321),Kristian Campbell,42665321,2B,2000,DET@BOS 04/17/2026 07:15PM ET,BOS,0
,,,,,,,,,,,,,,,2B/OF,Nick Sogard (42665325),Nick Sogard,42665325,2B/OF,2000,DET@BOS 04/17/2026 07:15PM ET,BOS,0
,,,,,,,,,,,,,,,3B,Anthony Seigler (42665329),Anthony Seigler,42665329,3B,2000,DET@BOS 04/17/2026 07:15PM ET,BOS,0
,,,,,,,,,,,,,,,C,Mickey Gasper (42665335),Mickey Gasper,42665335,C,2000,DET@BOS 04/17/2026 07:15PM ET,BOS,0
,,,,,,,,,,,,,,,3B,Jace Jung (42665340),Jace Jung,42665340,3B,2000,DET@BOS 04/17/2026 07:15PM ET,DET,0
,,,,,,,,,,,,,,,2B/SS,Tsung-Che Cheng (42665343),Tsung-Che Cheng,42665343,2B/SS,2000,DET@BOS 04/17/2026 07:15PM ET,BOS,0
,,,,,,,,,,,,,,,OF,James Outman (42665208),James Outman,42665208,OF,2000,CIN@MIN 04/17/2026 08:10PM ET,MIN,1.07
,,,,,,,,,,,,,,,C,P.J. Higgins (42665214),P.J. Higgins,42665214,C,2000,CIN@MIN 04/17/2026 08:10PM ET,CIN,2
,,,,,,,,,,,,,,,1B,Eric Wagaman (42665289),Eric Wagaman,42665289,1B,2000,CIN@MIN 04/17/2026 08:10PM ET,MIN,0
,,,,,,,,,,,,,,,OF,Hendry Mendez (42665291),Hendry Mendez,42665291,OF,2000,CIN@MIN 04/17/2026 08:10PM ET,MIN,0
,,,,,,,,,,,,,,,OF,Emmanuel Rodriguez (42665293),Emmanuel Rodriguez,42665293,OF,2000,CIN@MIN 04/17/2026 08:10PM ET,MIN,0
,,,,,,,,,,,,,,,OF,Hector Rodriguez (42665296),Hector Rodriguez,42665296,OF,2000,CIN@MIN 04/17/2026 08:10PM ET,CIN,0
,,,,,,,,,,,,,,,OF,Gabriel Gonzalez (42665302),Gabriel Gonzalez,42665302,OF,2000,CIN@MIN 04/17/2026 08:10PM ET,MIN,0
,,,,,,,,,,,,,,,SS,Leo Balcazar (42665303),Leo Balcazar,42665303,SS,2000,CIN@MIN 04/17/2026 08:10PM ET,CIN,0
,,,,,,,,,,,,,,,SS,Edwin Arroyo (42665310),Edwin Arroyo,42665310,SS,2000,CIN@MIN 04/17/2026 08:10PM ET,CIN,0
,,,,,,,,,,,,,,,OF,Alan Roden (42665324),Alan Roden,42665324,OF,2000,CIN@MIN 04/17/2026 08:10PM ET,MIN,0
,,,,,,,,,,,,,,,1B,Deyvison De Los Santos (42665213),Deyvison De Los Santos,42665213,1B,2000,MIL@MIA 04/17/2026 07:10PM ET,MIA,2.67
,,,,,,,,,,,,,,,OF,Greg Jones (42665216),Greg Jones,42665216,OF,2000,MIL@MIA 04/17/2026 07:10PM ET,MIL,3
,,,,,,,,,,,,,,,SS,Cooper Pratt (42665301),Cooper Pratt,42665301,SS,2000,MIL@MIA 04/17/2026 07:10PM ET,MIL,0
,,,,,,,,,,,,,,,SS,Jared Serna (42665304),Jared Serna,42665304,SS,2000,MIL@MIA 04/17/2026 07:10PM ET,MIA,0
,,,,,,,,,,,,,,,C,Joe Mack (42665307),Joe Mack,42665307,C,2000,MIL@MIA 04/17/2026 07:10PM ET,MIA,0
,,,,,,,,,,,,,,,OF,Akil Baddoo (42665317),Akil Baddoo,42665317,OF,2000,MIL@MIA 04/17/2026 07:10PM ET,MIL,0
,,,,,,,,,,,,,,,2B/3B,Tyler Black (42665332),Tyler Black,42665332,2B/3B,2000,MIL@MIA 04/17/2026 07:10PM ET,MIL,0
,,,,,,,,,,,,,,,OF,Esteury Ruiz (42665336),Esteury Ruiz,42665336,OF,2000,MIL@MIA 04/17/2026 07:10PM ET,MIA,0
,,,,,,,,,,,,,,,OF,Daniel Johnson (42665339),Daniel Johnson,42665339,OF,2000,MIL@MIA 04/17/2026 07:10PM ET,MIA,0
,,,,,,,,,,,,,,,C,Jeferson Quero (42665348),Jeferson Quero,42665348,C,2000,MIL@MIA 04/17/2026 07:10PM ET,MIL,2
,,,,,,,,,,,,,,,C,Braxton Fulford (42665281),Braxton Fulford,42665281,C,2000,LAD@COL 04/17/2026 08:40PM ET,COL,7
,,,,,,,,,,,,,,,OF,Michael Siani (42665283),Michael Siani,42665283,OF,2000,LAD@COL 04/17/2026 08:40PM ET,LAD,0
,,,,,,,,,,,,,,,OF,Ryan Ward (42665299),Ryan Ward,42665299,OF,2000,LAD@COL 04/17/2026 08:40PM ET,LAD,0
,,,,,,,,,,,,,,,OF,Sterlin Thompson (42665312),Sterlin Thompson,42665312,OF,2000,LAD@COL 04/17/2026 08:40PM ET,COL,0
,,,,,,,,,,,,,,,3B/OF,Kris Bryant (42665318),Kris Bryant,42665318,3B/OF,2000,LAD@COL 04/17/2026 08:40PM ET,COL,0
,,,,,,,,,,,,,,,OF,Zac Veen (42665327),Zac Veen,42665327,OF,2000,LAD@COL 04/17/2026 08:40PM ET,COL,0
,,,,,,,,,,,,,,,2B,Adael Amador (42665334),Adael Amador,42665334,2B,2000,LAD@COL 04/17/2026 08:40PM ET,COL,0
,,,,,,,,,,,,,,,2B,Ryan Ritter (42665350),Ryan Ritter,42665350,2B,2000,LAD@COL 04/17/2026 08:40PM ET,COL,0.83
,,,,,,,,,,,,,,,C,Yohel Pozo (42665215),Yohel Pozo,42665215,C,2000,STL@HOU 04/17/2026 08:10PM ET,STL,2.33
,,,,,,,,,,,,,,,C,Leo Bernal (42665297),Leo Bernal,42665297,C,2000,STL@HOU 04/17/2026 08:10PM ET,STL,0
,,,,,,,,,,,,,,,OF,Joshua Baez (42665300),Joshua Baez,42665300,OF,2000,STL@HOU 04/17/2026 08:10PM ET,STL,0
,,,,,,,,,,,,,,,2B/OF,Bryan Torres (42665313),Bryan Torres,42665313,2B/OF,2000,STL@HOU 04/17/2026 08:10PM ET,STL,0
,,,,,,,,,,,,,,,3B/SS,Cesar Prieto (42665345),Cesar Prieto,42665345,3B/SS,2000,STL@HOU 04/17/2026 08:10PM ET,STL,0
,,,,,,,,,,,,,,,C,Jimmy Crooks (42665347),Jimmy Crooks,42665347,C,2000,STL@HOU 04/17/2026 08:10PM ET,STL,0
,,,,,,,,,,,,,,,1B/3B,Patrick Wisdom (42665211),Patrick Wisdom,42665211,1B/3B,2000,TEX@SEA 04/17/2026 09:40PM ET,SEA,0
,,,,,,,,,,,,,,,OF,Michael Helman (42665315),Michael Helman,42665315,OF,2000,TEX@SEA 04/17/2026 09:40PM ET,TEX,0
,,,,,,,,,,,,,,,C,Willie MacIver (42665322),Willie MacIver,42665322,C,2000,TEX@SEA 04/17/2026 09:40PM ET,TEX,0
,,,,,,,,,,,,,,,2B,Ryan Bliss (42665328),Ryan Bliss,42665328,2B,2000,TEX@SEA 04/17/2026 09:40PM ET,SEA,0
,,,,,,,,,,,,,,,1B/2B,Justin Foscue (42665337),Justin Foscue,42665337,1B/2B,2000,TEX@SEA 04/17/2026 09:40PM ET,TEX,0
,,,,,,,,,,,,,,,OF,Alejandro Osuna (42665342),Alejandro Osuna,42665342,OF,2000,TEX@SEA 04/17/2026 09:40PM ET,TEX,0
,,,,,,,,,,,,,,,3B,Miles Mastrobuoni (42665349),Miles Mastrobuoni,42665349,3B,2000,TEX@SEA 04/17/2026 09:40PM ET,SEA,0
,,,,,,,,,,,,,,,1B/3B,Will Wagner (42665284),Will Wagner,42665284,1B/3B,2000,SD@LAA 04/17/2026 09:38PM ET,SD,0
,,,,,,,,,,,,,,,2B/SS,Mason McCoy (42665286),Mason McCoy,42665286,2B/SS,2000,SD@LAA 04/17/2026 09:38PM ET,SD,0
,,,,,,,,,,,,,,,2B/3B,Anthony Rendon (42665308),Anthony Rendon,42665308,2B/3B,2000,SD@LAA 04/17/2026 09:38PM ET,LAA,0
,,,,,,,,,,,,,,,OF,Kyren Paris (42665323),Kyren Paris,42665323,OF,2000,SD@LAA 04/17/2026 09:38PM ET,LAA,0
,,,,,,,,,,,,,,,OF,Matthew Lugo (42665341),Matthew Lugo,42665341,OF,2000,SD@LAA 04/17/2026 09:38PM ET,LAA,0
,,,,,,,,,,,,,,,OF,Tyler Tolbert (42665217),Tyler Tolbert,42665217,OF,2000,KC@NYY 04/17/2026 07:05PM ET,KC,0.71
,,,,,,,,,,,,,,,OF,Spencer Jones (42665292),Spencer Jones,42665292,OF,2000,KC@NYY 04/17/2026 07:05PM ET,NYY,0
,,,,,,,,,,,,,,,3B,Oswaldo Cabrera (42665320),Oswaldo Cabrera,42665320,3B,2000,KC@NYY 04/17/2026 07:05PM ET,NYY,0
,,,,,,,,,,,,,,,2B/OF,Max Schuemann (42665330),Max Schuemann,42665330,2B/OF,2000,KC@NYY 04/17/2026 07:05PM ET,NYY,0
