Entry ID,Contest Name,Contest ID,Entry Fee,P,P,C,1B,2B,3B,SS,OF,OF,OF,,Instructions,,,,,,,,
5127314516,MLB $20K mini-MAX [150 Entry Max],190020188,$1,Cristopher Sanchez (42926487),Brandon Williamson (42926496),William Contreras (42926544),Bryce Harper (42926536),Brandon Lowe (42926515),Nolan Arenado (42926583),Geraldo Perdomo (42926552),Kyle Schwarber (42926509),JJ Bleday (42926562),Lourdes Gurriel Jr. (42926589),,1. Column A lists all of your contest entries for this draftgroup,,,,,,,,
5127314517,MLB $20K mini-MAX [150 Entry Max],190020188,$1,Cristopher Sanchez (42926487),Brandon Williamson (42926496),Joey Bart (42926634),Bryce Harper (42926536),Brandon Lowe (42926515),Bo Bichette (42926563),Elly De La Cruz (42926502),Kyle Schwarber (42926509),JJ Bleday (42926562),Victor Scott II (42926683),,2. Your current lineup is listed next to each entry (blank for reservations),,,,,,,,
5127314518,MLB $20K mini-MAX [150 Entry Max],190020188,$1,Cristopher Sanchez (42926487),Brandon Williamson (42926496),William Contreras (42926544),Bryce Harper (42926536),Brandon Lowe (42926515),Ronny Mauricio (42926699),Elly De La Cruz (42926502),Bryan Reynolds (42926529),JJ Bleday (42926562),Adolis Garcia (42926621),,3. You can change the lineup for an entry by entering the IDs of the players in the row next to that entry,,,,,,,,
5127314519,MLB $20K mini-MAX [150 Entry Max],190020188,$1,Cristopher Sanchez (42926487),Brandon Williamson (42926496),William Contreras (42926544),Bryce Harper (42926536),Matt McLain (42926595),Nolan Arenado (42926583),Elly De La Cruz (42926502),Kyle Schwarber (42926509),Bryan Reynolds (42926529),Tyrone Taylor (42926671),,4. Use data from the Name+ID column or the ID column; you cannot use just the player's name,,,,,,,,
5127314520,MLB $20K mini-MAX [150 Entry Max],190020188,$1,Cristopher Sanchez (42926487),Bubba Chandler (42926492),William Contreras (42926544),Bryce Harper (42926536),Brandon Lowe (42926515),Nolan Arenado (42926583),Trea Turner (42926535),Bryan Reynolds (42926529),JJ Bleday (42926562),Spencer Steer (42926624),,5. For faster processing only include entries you are changing in the file you upload,,,,,,,,
5127314574,MLB $15K mini-MAX [150 Entry Max],190020189,$0.50,Cristopher Sanchez (42926487),Bubba Chandler (42926492),Joey Bart (42926634),Bryce Harper (42926536),Brandon Lowe (42926515),Nolan Arenado (42926583),Elly De La Cruz (42926502),JJ Bleday (42926562),Lourdes Gurriel Jr. (42926589),Adolis Garcia (42926621),,,,,,,,,,
5127314575,MLB $15K mini-MAX [150 Entry Max],190020189,$0.50,Cristopher Sanchez (42926487),Brandon Williamson (42926496),William Contreras (42926544),Bryce Harper (42926536),Brandon Lowe (42926515),Nolan Arenado (42926583),Geraldo Perdomo (42926552),Kyle Schwarber (42926509),JJ Bleday (42926562),Brett Baty (42926596),,Position,Name + ID,Name,ID,Roster Position,Salary,Game Info,TeamAbbrev,AvgPointsPerGame
5127314576,MLB $15K mini-MAX [150 Entry Max],190020189,$0.50,Cristopher Sanchez (42926487),Brandon Williamson (42926496),Joey Bart (42926634),Bryce Harper (42926536),Brandon Lowe (42926515),Bo Bichette (42926563),Elly De La Cruz (42926502),Kyle Schwarber (42926509),JJ Bleday (42926562),Wenceel Perez (42926690),,SP,Tarik Skubal (42926486),Tarik Skubal,42926486,P,10700,DET@ATL 04/29/2026 07:15PM ET,DET,20.92
5127314577,MLB $15K mini-MAX [150 Entry Max],190020189,$0.50,Cristopher Sanchez (42926487),Brandon Williamson (42926496),William Contreras (42926544),Bryce Harper (42926536),Brandon Lowe (42926515),Colt Keith (42926579),Elly De La Cruz (42926502),JJ Bleday (42926562),Lourdes Gurriel Jr. (42926589),Brenton Doyle (42926606),,SP,Paul Skenes (42926816),Paul Skenes,42926816,P,10300,STL@PIT 04/29/2026 06:40PM ET,PIT,18.58
5127314578,MLB $15K mini-MAX [150 Entry Max],190020189,$0.50,Cristopher Sanchez (42926487),Brandon Williamson (42926496),William Contreras (42926544),Bryce Harper (42926536),Matt McLain (42926595),Nolan Arenado (42926583),Elly De La Cruz (42926502),Bryan Reynolds (42926529),Mickey Moniak (42926551),JJ Bleday (42926562),,SP,Nolan McLean (42926817),Nolan McLean,42926817,P,10200,WSH@NYM 04/29/2026 07:10PM ET,NYM,22.48
5127314579,MLB $15K mini-MAX [150 Entry Max],190020189,$0.50,Cristopher Sanchez (42926487),Brandon Williamson (42926496),Gary Sanchez (42926585),Bryce Harper (42926536),Brandon Lowe (42926515),Nolan Arenado (42926583),Elly De La Cruz (42926502),Kyle Schwarber (42926509),Lourdes Gurriel Jr. (42926589),Victor Scott II (42926683),,SP,Hunter Brown (42926819),Hunter Brown,42926819,P,10000,Postponed,HOU,26.7
5127314580,MLB $15K mini-MAX [150 Entry Max],190020189,$0.50,Cristopher Sanchez (42926487),Bubba Chandler (42926492),Joey Bart (42926634),Bryce Harper (42926536),Brandon Lowe (42926515),Nolan Arenado (42926583),Elly De La Cruz (42926502),JJ Bleday (42926562),Brandon Marsh (42926574),Lourdes Gurriel Jr. (42926589),,SP,Jacob Misiorowski (42926818),Jacob Misiorowski,42926818,P,10000,ARI@MIL 04/29/2026 07:40PM ET,MIL,21.82
5127314581,MLB $15K mini-MAX [150 Entry Max],190020189,$0.50,Bubba Chandler (42926492),Brandon Williamson (42926496),William Contreras (42926544),TJ Rumfield (42926604),Brandon Lowe (42926515),Nolan Arenado (42926583),Elly De La Cruz (42926502),Kyle Schwarber (42926509),Bryan Reynolds (42926529),JJ Bleday (42926562),,SP,Chris Sale (42926820),Chris Sale,42926820,P,9700,DET@ATL 04/29/2026 07:15PM ET,ATL,22.52
5127314582,MLB $15K mini-MAX [150 Entry Max],190020189,$0.50,Bubba Chandler (42926492),Brandon Williamson (42926496),William Contreras (42926544),Sal Stewart (42926512),Brandon Lowe (42926515),Bo Bichette (42926563),Trea Turner (42926535),Kyle Schwarber (42926509),JJ Bleday (42926562),Lourdes Gurriel Jr. (42926589),,SP,Cristopher Sanchez (42926487),Cristopher Sanchez,42926487,P,9700,SF@PHI 04/29/2026 06:10PM ET,PHI,19.22
5127314583,MLB $15K mini-MAX [150 Entry Max],190020189,$0.50,Bubba Chandler (42926492),Brandon Williamson (42926496),William Contreras (42926544),Sal Stewart (42926512),Ildemaro Vargas (42926549),Nolan Arenado (42926583),Trea Turner (42926535),Juan Soto (42926506),Kyle Schwarber (42926509),Spencer Steer (42926624),,SP,Zack Wheeler (42926821),Zack Wheeler,42926821,P,9500,SF@PHI 04/29/2026 06:10PM ET,PHI,15.65
5127314620,MLB $100 Dime Time [Just $0.10!],190048903,$0.10,Tarik Skubal (42926486),Bubba Chandler (42926492),William Contreras (42926544),Nathaniel Lowe (42926663),Matt McLain (42926595),Nolan Arenado (42926583),Trea Turner (42926535),Kyle Schwarber (42926509),Bryan Reynolds (42926529),Lourdes Gurriel Jr. (42926589),,SP,Freddy Peralta (42926822),Freddy Peralta,42926822,P,9200,WSH@NYM 04/29/2026 07:10PM ET,NYM,16.02
5127314621,MLB $100 Dime Time [Just $0.10!],190048903,$0.10,Tarik Skubal (42926486),Bubba Chandler (42926492),William Contreras (42926544),Nathaniel Lowe (42926663),Ildemaro Vargas (42926549),Nolan Arenado (42926583),Elly De La Cruz (42926502),Kyle Schwarber (42926509),Brenton Doyle (42926606),Spencer Steer (42926624),,SP,Brandon Woodruff (42926823),Brandon Woodruff,42926823,P,9000,ARI@MIL 04/29/2026 07:40PM ET,MIL,15.3
5127314622,MLB $100 Dime Time [Just $0.10!],190048903,$0.10,Tarik Skubal (42926486),Bubba Chandler (42926492),Joey Bart (42926634),Nathaniel Lowe (42926663),Ketel Marte (42926508),Bo Bichette (42926563),Trea Turner (42926535),Kyle Schwarber (42926509),Bryan Reynolds (42926529),Spencer Steer (42926624),,SP,Logan Henderson (42926824),Logan Henderson,42926824,P,9000,ARI@MIL 04/29/2026 07:40PM ET,MIL,4.1
5127314623,MLB $100 Dime Time [Just $0.10!],190048903,$0.10,Tarik Skubal (42926486),Bubba Chandler (42926492),Joey Bart (42926634),Sal Stewart (42926512),Matt McLain (42926595),Bo Bichette (42926563),Trea Turner (42926535),Bryan Reynolds (42926529),Lourdes Gurriel Jr. (42926589),Adolis Garcia (42926621),,SP,Chase Burns (42926825),Chase Burns,42926825,P,8700,COL@CIN 04/29/2026 06:40PM ET,CIN,20.62
5127314624,MLB $100 Dime Time [Just $0.10!],190048903,$0.10,Tarik Skubal (42926486),Bubba Chandler (42926492),Gary Sanchez (42926585),Nathaniel Lowe (42926663),Matt McLain (42926595),Bo Bichette (42926563),Trea Turner (42926535),Corbin Carroll (42926504),Bryan Reynolds (42926529),Brandon Marsh (42926574),,SP,Hunter Greene (42926826),Hunter Greene,42926826,P,8700,COL@CIN 04/29/2026 06:40PM ET,CIN,0
5127314625,MLB $100 Dime Time [Just $0.10!],190048903,$0.10,Cristopher Sanchez (42926487),Brandon Williamson (42926496),William Contreras (42926544),Sal Stewart (42926512),Matt McLain (42926595),Kyle Karros (42926646),Elly De La Cruz (42926502),Kyle Schwarber (42926509),JJ Bleday (42926562),Spencer Steer (42926624),,SP,Logan Webb (42926488),Logan Webb,42926488,P,8700,SF@PHI 04/29/2026 06:10PM ET,SF,13.58
5127314626,MLB $100 Dime Time [Just $0.10!],190048903,$0.10,Cristopher Sanchez (42926487),Brandon Williamson (42926496),Jose Trevino (42926645),Sal Stewart (42926512),Brandon Lowe (42926515),Ronny Mauricio (42926699),Elly De La Cruz (42926502),Kyle Schwarber (42926509),JJ Bleday (42926562),Brenton Doyle (42926606),,SP,Robbie Ray (42926827),Robbie Ray,42926827,P,8700,SF@PHI 04/29/2026 06:10PM ET,SF,18.37
5127314627,MLB $100 Dime Time [Just $0.10!],190048903,$0.10,Cristopher Sanchez (42926487),Brandon Williamson (42926496),Joey Bart (42926634),Sal Stewart (42926512),Bryson Stott (42926607),Nolan Arenado (42926583),Elly De La Cruz (42926502),Kyle Schwarber (42926509),JJ Bleday (42926562),Jordan Beck (42926612),,RP,Landen Roupp (42926828),Landen Roupp,42926828,P,8700,SF@PHI 04/29/2026 06:10PM ET,SF,22.18
5127314628,MLB $100 Dime Time [Just $0.10!],190048903,$0.10,Cristopher Sanchez (42926487),Bubba Chandler (42926492),Brett Sullivan (42926679),Sal Stewart (42926512),Matt McLain (42926595),Nolan Arenado (42926583),Elly De La Cruz (42926502),Kyle Schwarber (42926509),JJ Bleday (42926562),Lourdes Gurriel Jr. (42926589),,SP,Corbin Burnes (42926829),Corbin Burnes,42926829,P,8700,ARI@MIL 04/29/2026 07:40PM ET,ARI,0
5127314629,MLB $100 Dime Time [Just $0.10!],190048903,$0.10,Cristopher Sanchez (42926487),Bubba Chandler (42926492),Joey Bart (42926634),Sal Stewart (42926512),Ildemaro Vargas (42926549),Ke'Bryan Hayes (42926691),Elly De La Cruz (42926502),Kyle Schwarber (42926509),JJ Bleday (42926562),Brenton Doyle (42926606),,RP,Kyle Harrison (42926830),Kyle Harrison,42926830,P,8600,ARI@MIL 04/29/2026 07:40PM ET,MIL,18.61
5127314630,MLB $100 Dime Time [Just $0.10!],190048903,$0.10,Cristopher Sanchez (42926487),Bubba Chandler (42926492),Rafael Marchan (42926676),Sal Stewart (42926512),Brandon Lowe (42926515),Kyle Karros (42926646),Elly De La Cruz (42926502),Kyle Schwarber (42926509),JJ Bleday (42926562),Greg Jones (42926707),,SP,JR Ritchie (42926489),JR Ritchie,42926489,P,8500,DET@ATL 04/29/2026 07:15PM ET,ATL,25.55
5127314631,MLB $100 Dime Time [Just $0.10!],190048903,$0.10,Cristopher Sanchez (42926487),Brandon Williamson (42926496),William Contreras (42926544),Sal Stewart (42926512),Matt McLain (42926595),Kyle Karros (42926646),Elly De La Cruz (42926502),Kyle Schwarber (42926509),JJ Bleday (42926562),Adolis Garcia (42926621),,RP,Spencer Strider (42926832),Spencer Strider,42926832,P,8500,DET@ATL 04/29/2026 07:15PM ET,ATL,0
5127314632,MLB $100 Dime Time [Just $0.10!],190048903,$0.10,Cristopher Sanchez (42926487),Brandon Williamson (42926496),Jose Trevino (42926645),Sal Stewart (42926512),Brandon Lowe (42926515),Jace Jung (42926799),Elly De La Cruz (42926502),Kyle Schwarber (42926509),JJ Bleday (42926562),Brenton Doyle (42926606),,SP,Spencer Schwellenbach (42926833),Spencer Schwellenbach,42926833,P,8500,DET@ATL 04/29/2026 07:15PM ET,ATL,0
5127314633,MLB $100 Dime Time [Just $0.10!],190048903,$0.10,Cristopher Sanchez (42926487),Logan Webb (42926488),Joey Bart (42926634),Sal Stewart (42926512),Marcus Semien (42926611),Kyle Karros (42926646),Elly De La Cruz (42926502),Kyle Schwarber (42926509),JJ Bleday (42926562),Victor Scott II (42926683),,RP,AJ Smith-Shawver (42926834),AJ Smith-Shawver,42926834,P,8500,DET@ATL 04/29/2026 07:15PM ET,ATL,0
5127314634,MLB $100 Dime Time [Just $0.10!],190048903,$0.10,Cristopher Sanchez (42926487),Bubba Chandler (42926492),Gary Sanchez (42926585),Sal Stewart (42926512),Matt McLain (42926595),Ronny Mauricio (42926699),Elly De La Cruz (42926502),Kyle Schwarber (42926509),JJ Bleday (42926562),Jordan Beck (42926612),,SP,Hurston Waldrep (42926835),Hurston Waldrep,42926835,P,8500,DET@ATL 04/29/2026 07:15PM ET,ATL,0
5127314635,MLB $100 Dime Time [Just $0.10!],190048903,$0.10,Cristopher Sanchez (42926487),Logan Webb (42926488),Brett Sullivan (42926679),Sal Stewart (42926512),Matt McLain (42926595),Ke'Bryan Hayes (42926691),Elly De La Cruz (42926502),Kyle Schwarber (42926509),JJ Bleday (42926562),Lourdes Gurriel Jr. (42926589),,SP,Bryce Elder (42926836),Bryce Elder,42926836,P,8500,DET@ATL 04/29/2026 07:15PM ET,ATL,19.74
5127314636,MLB $100 Dime Time [Just $0.10!],190048903,$0.10,Cristopher Sanchez (42926487),JR Ritchie (42926489),Jose Trevino (42926645),Sal Stewart (42926512),Ildemaro Vargas (42926549),Kyle Karros (42926646),Elly De La Cruz (42926502),Kyle Schwarber (42926509),JJ Bleday (42926562),Greg Jones (42926707),,SP,Casey Mize (42926838),Casey Mize,42926838,P,8500,DET@ATL 04/29/2026 07:15PM ET,DET,17.49
5127314637,MLB $100 Dime Time [Just $0.10!],190048903,$0.10,Cristopher Sanchez (42926487),Brandon Williamson (42926496),William Contreras (42926544),Sal Stewart (42926512),Matt McLain (42926595),Kyle Karros (42926646),Elly De La Cruz (42926502),Kyle Schwarber (42926509),JJ Bleday (42926562),Spencer Steer (42926624),,SP,Jesus Luzardo (42926831),Jesus Luzardo,42926831,P,8500,SF@PHI 04/29/2026 06:10PM ET,PHI,16.38
5127314638,MLB $100 Dime Time [Just $0.10!],190048903,$0.10,Cristopher Sanchez (42926487),Brandon Williamson (42926496),Jose Trevino (42926645),Sal Stewart (42926512),Brandon Lowe (42926515),Ronny Mauricio (42926699),Elly De La Cruz (42926502),Kyle Schwarber (42926509),JJ Bleday (42926562),Brenton Doyle (42926606),,RP,Braxton Ashcraft (42926837),Braxton Ashcraft,42926837,P,8500,STL@PIT 04/29/2026 06:40PM ET,PIT,17.75
5127314639,MLB $100 Dime Time [Just $0.10!],190048903,$0.10,Cristopher Sanchez (42926487),Brandon Williamson (42926496),Joey Bart (42926634),Sal Stewart (42926512),Bryson Stott (42926607),Nolan Arenado (42926583),Elly De La Cruz (42926502),Kyle Schwarber (42926509),JJ Bleday (42926562),Jordan Beck (42926612),,SP,Kyle Bradish (42926839),Kyle Bradish,42926839,P,8300,Postponed,BAL,11.62
,,,,,,,,,,,,,,,SP,Cade Povich (42926840),Cade Povich,42926840,P,8300,Postponed,BAL,16.28
,,,,,,,,,,,,,,,SP,Dean Kremer (42926841),Dean Kremer,42926841,P,8300,Postponed,BAL,20.38
,,,,,,,,,,,,,,,SP,Zach Eflin (42926842),Zach Eflin,42926842,P,8300,Postponed,BAL,16.65
,,,,,,,,,,,,,,,RP,Clay Holmes (42926843),Clay Holmes,42926843,P,8200,WSH@NYM 04/29/2026 07:10PM ET,NYM,17.9
,,,,,,,,,,,,,,,SP,Peter Lambert (42926490),Peter Lambert,42926490,P,8000,Postponed,HOU,21.58
,,,,,,,,,,,,,,,SP,Spencer Arrighetti (42926844),Spencer Arrighetti,42926844,P,8000,Postponed,HOU,24.03
,,,,,,,,,,,,,,,SP,Eduardo Rodriguez (42926491),Eduardo Rodriguez,42926491,P,7700,ARI@MIL 04/29/2026 07:40PM ET,ARI,13.36
,,,,,,,,,,,,,,,SP,Michael Soroka (42926845),Michael Soroka,42926845,P,7700,ARI@MIL 04/29/2026 07:40PM ET,ARI,21.85
,,,,,,,,,,,,,,,SP,Zac Gallen (42926846),Zac Gallen,42926846,P,7700,ARI@MIL 04/29/2026 07:40PM ET,ARI,9.85
,,,,,,,,,,,,,,,SP,Merrill Kelly (42926847),Merrill Kelly,42926847,P,7700,ARI@MIL 04/29/2026 07:40PM ET,ARI,1.73
,,,,,,,,,,,,,,,RP,Framber Valdez (42926849),Framber Valdez,42926849,P,7500,DET@ATL 04/29/2026 07:15PM ET,DET,13.28
,,,,,,,,,,,,,,,SP,Jack Flaherty (42926850),Jack Flaherty,42926850,P,7500,DET@ATL 04/29/2026 07:15PM ET,DET,9.03
,,,,,,,,,,,,,,,SP,Justin Verlander (42926851),Justin Verlander,42926851,P,7500,DET@ATL 04/29/2026 07:15PM ET,DET,-4.55
,,,,,,,,,,,,,,,SP,Keider Montero (42926852),Keider Montero,42926852,P,7500,DET@ATL 04/29/2026 07:15PM ET,DET,14.11
,,,,,,,,,,,,,,,RP,Grant Holmes (42926854),Grant Holmes,42926854,P,7500,DET@ATL 04/29/2026 07:15PM ET,ATL,13.56
,,,,,,,,,,,,,,,SP,Aaron Nola (42926853),Aaron Nola,42926853,P,7500,SF@PHI 04/29/2026 06:10PM ET,PHI,12.18
,,,,,,,,,,,,,,,SP,Andrew Painter (42926855),Andrew Painter,42926855,P,7500,SF@PHI 04/29/2026 06:10PM ET,PHI,9.96
,,,,,,,,,,,,,,,RP,Bubba Chandler (42926492),Bubba Chandler,42926492,P,7500,STL@PIT 04/29/2026 06:40PM ET,PIT,10.36
,,,,,,,,,,,,,,,SP,Mitch Keller (42926848),Mitch Keller,42926848,P,7500,STL@PIT 04/29/2026 06:40PM ET,PIT,14.42
,,,,,,,,,,,,,,,RP,Carmen Mlodzinski (42926856),Carmen Mlodzinski,42926856,P,7500,STL@PIT 04/29/2026 06:40PM ET,PIT,12.76
,,,,,,,,,,,,,,,SP,Trevor Rogers (42926857),Trevor Rogers,42926857,P,7300,Postponed,BAL,11.88
,,,,,,,,,,,,,,,SP,Brandon Young (42926858),Brandon Young,42926858,P,7300,Postponed,BAL,16.4
,,,,,,,,,,,,,,,SP,Shane Baz (42926859),Shane Baz,42926859,P,7300,Postponed,BAL,12.55
,,,,,,,,,,,,,,,SP,Tyler Mahle (42926861),Tyler Mahle,42926861,P,7200,SF@PHI 04/29/2026 06:10PM ET,SF,10.17
,,,,,,,,,,,,,,,SP,Cade Cavalli (42926493),Cade Cavalli,42926493,P,7200,WSH@NYM 04/29/2026 07:10PM ET,WSH,10.42
,,,,,,,,,,,,,,,SP,Kodai Senga (42926860),Kodai Senga,42926860,P,7200,WSH@NYM 04/29/2026 07:10PM ET,NYM,5.4
,,,,,,,,,,,,,,,SP,Foster Griffin (42926862),Foster Griffin,42926862,P,7200,WSH@NYM 04/29/2026 07:10PM ET,WSH,17.49
,,,,,,,,,,,,,,,SP,Jake Irvin (42926863),Jake Irvin,42926863,P,7200,WSH@NYM 04/29/2026 07:10PM ET,WSH,13.89
,,,,,,,,,,,,,,,SP,Ronel Blanco (42926870),Ronel Blanco,42926870,P,7000,Postponed,HOU,0
,,,,,,,,,,,,,,,SP,Lance McCullers Jr. (42926871),Lance McCullers Jr.,42926871,P,7000,Postponed,HOU,9.52
,,,,,,,,,,,,,,,SP,Mike Burrows (42926872),Mike Burrows,42926872,P,7000,Postponed,HOU,10.81
,,,,,,,,,,,,,,,SP,Brandon Sproat (42926494),Brandon Sproat,42926494,P,7000,ARI@MIL 04/29/2026 07:40PM ET,MIL,7.45
,,,,,,,,,,,,,,,RP,Jake Woodford (42926864),Jake Woodford,42926864,P,7000,ARI@MIL 04/29/2026 07:40PM ET,MIL,3.27
,,,,,,,,,,,,,,,RP,Shane Drohan (42926865),Shane Drohan,42926865,P,7000,ARI@MIL 04/29/2026 07:40PM ET,MIL,4.02
,,,,,,,,,,,,,,,SP,Coleman Crow (42926866),Coleman Crow,42926866,P,7000,ARI@MIL 04/29/2026 07:40PM ET,MIL,13
,,,,,,,,,,,,,,,SP,Chad Patrick (42926867),Chad Patrick,42926867,P,7000,ARI@MIL 04/29/2026 07:40PM ET,MIL,11
,,,,,,,,,,,,,,,SP,Quinn Priester (42926868),Quinn Priester,42926868,P,7000,ARI@MIL 04/29/2026 07:40PM ET,MIL,0
,,,,,,,,,,,,,,,SP,Robert Gasser (42926869),Robert Gasser,42926869,P,7000,ARI@MIL 04/29/2026 07:40PM ET,MIL,0
,,,,,,,,,,,,,,,SP,Kyle Freeland (42926495),Kyle Freeland,42926495,P,6800,COL@CIN 04/29/2026 06:40PM ET,COL,10.46
,,,,,,,,,,,,,,,RP,Blas Castano (42926873),Blas Castano,42926873,P,6800,COL@CIN 04/29/2026 06:40PM ET,COL,0
,,,,,,,,,,,,,,,RP,Valente Bellozo (42926874),Valente Bellozo,42926874,P,6800,COL@CIN 04/29/2026 06:40PM ET,COL,3.73
,,,,,,,,,,,,,,,SP,McCade Brown (42926875),McCade Brown,42926875,P,6800,COL@CIN 04/29/2026 06:40PM ET,COL,0
,,,,,,,,,,,,,,,SP,Michael Lorenzen (42926876),Michael Lorenzen,42926876,P,6800,COL@CIN 04/29/2026 06:40PM ET,COL,5.64
,,,,,,,,,,,,,,,SP,Chase Dollander (42926877),Chase Dollander,42926877,P,6800,COL@CIN 04/29/2026 06:40PM ET,COL,17.86
,,,,,,,,,,,,,,,SP,Tomoyuki Sugano (42926878),Tomoyuki Sugano,42926878,P,6800,COL@CIN 04/29/2026 06:40PM ET,COL,13.45
,,,,,,,,,,,,,,,RP,Tanner Gordon (42926879),Tanner Gordon,42926879,P,6800,COL@CIN 04/29/2026 06:40PM ET,COL,7.12
,,,,,,,,,,,,,,,SP,Ryan Feltner (42926880),Ryan Feltner,42926880,P,6800,COL@CIN 04/29/2026 06:40PM ET,COL,7.4
,,,,,,,,,,,,,,,SP,Brandon Williamson (42926496),Brandon Williamson,42926496,P,6700,COL@CIN 04/29/2026 06:40PM ET,CIN,7.93
,,,,,,,,,,,,,,,SP,Rhett Lowder (42926881),Rhett Lowder,42926881,P,6700,COL@CIN 04/29/2026 06:40PM ET,CIN,15.08
,,,,,,,,,,,,,,,SP,Brady Singer (42926882),Brady Singer,42926882,P,6700,COL@CIN 04/29/2026 06:40PM ET,CIN,8.31
,,,,,,,,,,,,,,,SP,Chase Petty (42926883),Chase Petty,42926883,P,6700,COL@CIN 04/29/2026 06:40PM ET,CIN,0
,,,,,,,,,,,,,,,SP,Andrew Abbott (42926884),Andrew Abbott,42926884,P,6700,COL@CIN 04/29/2026 06:40PM ET,CIN,4.98
,,,,,,,,,,,,,,,SP,Nick Lodolo (42926885),Nick Lodolo,42926885,P,6700,COL@CIN 04/29/2026 06:40PM ET,CIN,0
,,,,,,,,,,,,,,,RP,Carson Seymour (42926888),Carson Seymour,42926888,P,6700,SF@PHI 04/29/2026 06:10PM ET,SF,0
,,,,,,,,,,,,,,,SP,Blade Tidwell (42926889),Blade Tidwell,42926889,P,6700,SF@PHI 04/29/2026 06:10PM ET,SF,3.82
,,,,,,,,,,,,,,,SP,Keaton Winn (42926890),Keaton Winn,42926890,P,6700,SF@PHI 04/29/2026 06:10PM ET,SF,3.37
,,,,,,,,,,,,,,,SP,Dylan Smith (42926891),Dylan Smith,42926891,P,6700,SF@PHI 04/29/2026 06:10PM ET,SF,0
,,,,,,,,,,,,,,,RP,Jose Butto (42926892),Jose Butto,42926892,P,6700,SF@PHI 04/29/2026 06:10PM ET,SF,-0.5
,,,,,,,,,,,,,,,RP,Spencer Bivens (42926893),Spencer Bivens,42926893,P,6700,SF@PHI 04/29/2026 06:10PM ET,SF,0
,,,,,,,,,,,,,,,RP,Tristan Beck (42926894),Tristan Beck,42926894,P,6700,SF@PHI 04/29/2026 06:10PM ET,SF,0
,,,,,,,,,,,,,,,SP,Adrian Houser (42926895),Adrian Houser,42926895,P,6700,SF@PHI 04/29/2026 06:10PM ET,SF,3.11
,,,,,,,,,,,,,,,SP,Carson Whisenhunt (42926896),Carson Whisenhunt,42926896,P,6700,SF@PHI 04/29/2026 06:10PM ET,SF,0
,,,,,,,,,,,,,,,RP,JT Brubaker (42926897),JT Brubaker,42926897,P,6700,SF@PHI 04/29/2026 06:10PM ET,SF,3.3
,,,,,,,,,,,,,,,RP,Hayden Birdsong (42926898),Hayden Birdsong,42926898,P,6700,SF@PHI 04/29/2026 06:10PM ET,SF,0
,,,,,,,,,,,,,,,SP,Yilber Diaz (42926886),Yilber Diaz,42926886,P,6700,ARI@MIL 04/29/2026 07:40PM ET,ARI,0
,,,,,,,,,,,,,,,SP,Brandon Pfaadt (42926887),Brandon Pfaadt,42926887,P,6700,ARI@MIL 04/29/2026 07:40PM ET,ARI,8.7
,,,,,,,,,,,,,,,RP,Shawn Dubin (42926899),Shawn Dubin,42926899,P,6700,ARI@MIL 04/29/2026 07:40PM ET,ARI,0
,,,,,,,,,,,,,,,SP,Ryne Nelson (42926900),Ryne Nelson,42926900,P,6700,ARI@MIL 04/29/2026 07:40PM ET,ARI,7.06
,,,,,,,,,,,,,,,SP,Reese Olson (42926901),Reese Olson,42926901,P,6500,DET@ATL 04/29/2026 07:15PM ET,DET,0
,,,,,,,,,,,,,,,SP,Troy Melton (42926902),Troy Melton,42926902,P,6500,DET@ATL 04/29/2026 07:15PM ET,DET,0
,,,,,,,,,,,,,,,SP,Jackson Jobe (42926903),Jackson Jobe,42926903,P,6500,DET@ATL 04/29/2026 07:15PM ET,DET,0
,,,,,,,,,,,,,,,RP,Joey Wentz (42926914),Joey Wentz,42926914,P,6500,DET@ATL 04/29/2026 07:15PM ET,ATL,0
,,,,,,,,,,,,,,,RP,Reynaldo Lopez (42926915),Reynaldo Lopez,42926915,P,6500,DET@ATL 04/29/2026 07:15PM ET,ATL,11.11
,,,,,,,,,,,,,,,RP,Jose Suarez (42926920),Jose Suarez,42926920,P,6500,DET@ATL 04/29/2026 07:15PM ET,ATL,4.93
,,,,,,,,,,,,,,,RP,Didier Fuentes (42926921),Didier Fuentes,42926921,P,6500,DET@ATL 04/29/2026 07:15PM ET,ATL,9.02
,,,,,,,,,,,,,,,RP,Victor Mederos (42926922),Victor Mederos,42926922,P,6500,DET@ATL 04/29/2026 07:15PM ET,ATL,0
,,,,,,,,,,,,,,,RP,Martin Perez (42926923),Martin Perez,42926923,P,6500,DET@ATL 04/29/2026 07:15PM ET,ATL,12.96
,,,,,,,,,,,,,,,SP,Carlos Carrasco (42926924),Carlos Carrasco,42926924,P,6500,DET@ATL 04/29/2026 07:15PM ET,ATL,4.25
,,,,,,,,,,,,,,,OF,Yordan Alvarez (42926500),Yordan Alvarez,42926500,OF,6500,Postponed,HOU,11.97
,,,,,,,,,,,,,,,RP,Andre Pallante (42926497),Andre Pallante,42926497,P,6500,STL@PIT 04/29/2026 06:40PM ET,STL,11.12
,,,,,,,,,,,,,,,SP,Jared Jones (42926904),Jared Jones,42926904,P,6500,STL@PIT 04/29/2026 06:40PM ET,PIT,0
,,,,,,,,,,,,,,,SP,Antwone Kelly (42926905),Antwone Kelly,42926905,P,6500,STL@PIT 04/29/2026 06:40PM ET,PIT,0
,,,,,,,,,,,,,,,SP,Hunter Barco (42926906),Hunter Barco,42926906,P,6500,STL@PIT 04/29/2026 06:40PM ET,PIT,1.45
,,,,,,,,,,,,,,,SP,Jose Urquidy (42926907),Jose Urquidy,42926907,P,6500,STL@PIT 04/29/2026 06:40PM ET,PIT,0.81
,,,,,,,,,,,,,,,SP,Thomas Harrington (42926908),Thomas Harrington,42926908,P,6500,STL@PIT 04/29/2026 06:40PM ET,PIT,0
,,,,,,,,,,,,,,,RP,Wilber Dotel (42926909),Wilber Dotel,42926909,P,6500,STL@PIT 04/29/2026 06:40PM ET,PIT,6
,,,,,,,,,,,,,,,SP,Brycen Mautz (42926910),Brycen Mautz,42926910,P,6500,STL@PIT 04/29/2026 06:40PM ET,STL,0
,,,,,,,,,,,,,,,SP,Tekoah Roby (42926911),Tekoah Roby,42926911,P,6500,STL@PIT 04/29/2026 06:40PM ET,STL,0
,,,,,,,,,,,,,,,RP,Gordon Graceffo (42926912),Gordon Graceffo,42926912,P,6500,STL@PIT 04/29/2026 06:40PM ET,STL,3.63
,,,,,,,,,,,,,,,SP,Dustin May (42926913),Dustin May,42926913,P,6500,STL@PIT 04/29/2026 06:40PM ET,STL,9.93
,,,,,,,,,,,,,,,SP,Hunter Dobbins (42926916),Hunter Dobbins,42926916,P,6500,STL@PIT 04/29/2026 06:40PM ET,STL,0
,,,,,,,,,,,,,,,SP,Michael McGreevy (42926917),Michael McGreevy,42926917,P,6500,STL@PIT 04/29/2026 06:40PM ET,STL,13.5
,,,,,,,,,,,,,,,RP,Matthew Liberatore (42926918),Matthew Liberatore,42926918,P,6500,STL@PIT 04/29/2026 06:40PM ET,STL,7.68
,,,,,,,,,,,,,,,RP,Kyle Leahy (42926919),Kyle Leahy,42926919,P,6500,STL@PIT 04/29/2026 06:40PM ET,STL,9.23
,,,,,,,,,,,,,,,SP,Richard Fitts (42926925),Richard Fitts,42926925,P,6500,STL@PIT 04/29/2026 06:40PM ET,STL,0
,,,,,,,,,,,,,,,SP,Chris Bassitt (42926498),Chris Bassitt,42926498,P,6300,Postponed,BAL,2.36
,,,,,,,,,,,,,,,RP,Dietrich Enns (42926926),Dietrich Enns,42926926,P,6300,Postponed,BAL,5.38
,,,,,,,,,,,,,,,SP,Tyler Wells (42926927),Tyler Wells,42926927,P,6300,Postponed,BAL,3.88
,,,,,,,,,,,,,,,RP,Keegan Akin (42926928),Keegan Akin,42926928,P,6300,Postponed,BAL,-9.35
,,,,,,,,,,,,,,,OF,Oneil Cruz (42926501),Oneil Cruz,42926501,OF,6300,STL@PIT 04/29/2026 06:40PM ET,PIT,11.71
,,,,,,,,,,,,,,,SS,Elly De La Cruz (42926502),Elly De La Cruz,42926502,SS,6200,COL@CIN 04/29/2026 06:40PM ET,CIN,12
,,,,,,,,,,,,,,,SP,David Peterson (42926499),David Peterson,42926499,P,6200,WSH@NYM 04/29/2026 07:10PM ET,NYM,8.4
,,,,,,,,,,,,,,,SP,Tylor Megill (42926929),Tylor Megill,42926929,P,6200,WSH@NYM 04/29/2026 07:10PM ET,NYM,0
,,,,,,,,,,,,,,,SP,Tobias Myers (42926930),Tobias Myers,42926930,P,6200,WSH@NYM 04/29/2026 07:10PM ET,NYM,6.28
,,,,,,,,,,,,,,,SP,Jonah Tong (42926931),Jonah Tong,42926931,P,6200,WSH@NYM 04/29/2026 07:10PM ET,NYM,0
,,,,,,,,,,,,,,,SP,Sean Manaea (42926932),Sean Manaea,42926932,P,6200,WSH@NYM 04/29/2026 07:10PM ET,NYM,7.45
,,,,,,,,,,,,,,,SP,Christian Scott (42926933),Christian Scott,42926933,P,6200,WSH@NYM 04/29/2026 07:10PM ET,NYM,-0.6
,,,,,,,,,,,,,,,SP,Josiah Gray (42926934),Josiah Gray,42926934,P,6200,WSH@NYM 04/29/2026 07:10PM ET,WSH,0
,,,,,,,,,,,,,,,SP,DJ Herz (42926935),DJ Herz,42926935,P,6200,WSH@NYM 04/29/2026 07:10PM ET,WSH,0
,,,,,,,,,,,,,,,SP,Jackson Rutledge (42926936),Jackson Rutledge,42926936,P,6200,WSH@NYM 04/29/2026 07:10PM ET,WSH,-11.8
,,,,,,,,,,,,,,,SP,Mitchell Parker (42926937),Mitchell Parker,42926937,P,6200,WSH@NYM 04/29/2026 07:10PM ET,WSH,6.24
,,,,,,,,,,,,,,,SP,Andrew Alvarez (42926938),Andrew Alvarez,42926938,P,6200,WSH@NYM 04/29/2026 07:10PM ET,WSH,21.95
,,,,,,,,,,,,,,,RP,Brad Lord (42926939),Brad Lord,42926939,P,6200,WSH@NYM 04/29/2026 07:10PM ET,WSH,4.78
,,,,,,,,,,,,,,,SP,Trevor Williams (42926940),Trevor Williams,42926940,P,6200,WSH@NYM 04/29/2026 07:10PM ET,WSH,0
,,,,,,,,,,,,,,,SP,Miles Mikolas (42926941),Miles Mikolas,42926941,P,6200,WSH@NYM 04/29/2026 07:10PM ET,WSH,2.45
,,,,,,,,,,,,,,,RP,Zack Littell (42926942),Zack Littell,42926942,P,6200,WSH@NYM 04/29/2026 07:10PM ET,WSH,2.75
,,,,,,,,,,,,,,,OF,James Wood (42926503),James Wood,42926503,OF,6100,WSH@NYM 04/29/2026 07:10PM ET,WSH,11.53
,,,,,,,,,,,,,,,SP,Brandon Walter (42926943),Brandon Walter,42926943,P,6000,Postponed,HOU,0
,,,,,,,,,,,,,,,SP,Tatsuya Imai (42926944),Tatsuya Imai,42926944,P,6000,Postponed,HOU,8.03
,,,,,,,,,,,,,,,SP,Miguel Ullola (42926945),Miguel Ullola,42926945,P,6000,Postponed,HOU,0
,,,,,,,,,,,,,,,RP,Nate Pearson (42926946),Nate Pearson,42926946,P,6000,Postponed,HOU,0
,,,,,,,,,,,,,,,SP,AJ Blubaugh (42926947),AJ Blubaugh,42926947,P,6000,Postponed,HOU,2.9
,,,,,,,,,,,,,,,RP,Jason Alexander (42926948),Jason Alexander,42926948,P,6000,Postponed,HOU,0
,,,,,,,,,,,,,,,RP,Hayden Wesneski (42926949),Hayden Wesneski,42926949,P,6000,Postponed,HOU,0
,,,,,,,,,,,,,,,SP,Cristian Javier (42926950),Cristian Javier,42926950,P,6000,Postponed,HOU,-3.8
,,,,,,,,,,,,,,,SP,Colton Gordon (42926951),Colton Gordon,42926951,P,6000,Postponed,HOU,1
,,,,,,,,,,,,,,,RP,Ryan Weiss (42926952),Ryan Weiss,42926952,P,6000,Postponed,HOU,5.12
,,,,,,,,,,,,,,,RP,Cody Bolton (42926953),Cody Bolton,42926953,P,6000,Postponed,HOU,7.25
,,,,,,,,,,,,,,,RP,Kai-Wei Teng (42926954),Kai-Wei Teng,42926954,P,6000,Postponed,HOU,5.02
,,,,,,,,,,,,,,,OF,Corbin Carroll (42926504),Corbin Carroll,42926504,OF,6000,ARI@MIL 04/29/2026 07:40PM ET,ARI,9.69
,,,,,,,,,,,,,,,SS,Gunnar Henderson (42926505),Gunnar Henderson,42926505,SS,5900,Postponed,BAL,9.83
,,,,,,,,,,,,,,,SP,Antonio Senzatela (42926955),Antonio Senzatela,42926955,P,5800,COL@CIN 04/29/2026 06:40PM ET,COL,8.91
,,,,,,,,,,,,,,,RP,Jose Quintana (42926956),Jose Quintana,42926956,P,5800,COL@CIN 04/29/2026 06:40PM ET,COL,6.61
,,,,,,,,,,,,,,,OF,Juan Soto (42926506),Juan Soto,42926506,OF,5800,WSH@NYM 04/29/2026 07:10PM ET,NYM,7.36
,,,,,,,,,,,,,,,SS,CJ Abrams (42926507),CJ Abrams,42926507,SS,5700,WSH@NYM 04/29/2026 07:10PM ET,WSH,9.34
,,,,,,,,,,,,,,,2B,Ketel Marte (42926508),Ketel Marte,42926508,2B,5600,ARI@MIL 04/29/2026 07:40PM ET,ARI,6.63
,,,,,,,,,,,,,,,OF,Kyle Schwarber (42926509),Kyle Schwarber,42926509,OF,5500,SF@PHI 04/29/2026 06:10PM ET,PHI,8.83
,,,,,,,,,,,,,,,SP,Alex McFarlane (42926957),Alex McFarlane,42926957,P,5500,SF@PHI 04/29/2026 06:10PM ET,PHI,0
,,,,,,,,,,,,,,,RP,Seth Johnson (42926958),Seth Johnson,42926958,P,5500,SF@PHI 04/29/2026 06:10PM ET,PHI,1.62
,,,,,,,,,,,,,,,RP,Jonathan Bowlan (42926959),Jonathan Bowlan,42926959,P,5500,SF@PHI 04/29/2026 06:10PM ET,PHI,3.48
,,,,,,,,,,,,,,,SP,Taijuan Walker (42926960),Taijuan Walker,42926960,P,5500,SF@PHI 04/29/2026 06:10PM ET,PHI,2.84
,,,,,,,,,,,,,,,OF,Jordan Walker (42926510),Jordan Walker,42926510,OF,5400,STL@PIT 04/29/2026 06:40PM ET,STL,10.25
,,,,,,,,,,,,,,,2B,Brice Turang (42926511),Brice Turang,42926511,2B,5400,ARI@MIL 04/29/2026 07:40PM ET,MIL,10.85
,,,,,,,,,,,,,,,1B,Sal Stewart (42926512),Sal Stewart,42926512,1B,5300,COL@CIN 04/29/2026 06:40PM ET,CIN,11.41
,,,,,,,,,,,,,,,2B,JJ Wetherholt (42926513),JJ Wetherholt,42926513,2B,5300,STL@PIT 04/29/2026 06:40PM ET,STL,9.31
,,,,,,,,,,,,,,,OF,Ronald Acuna Jr. (42926514),Ronald Acuna Jr.,42926514,OF,5200,DET@ATL 04/29/2026 07:15PM ET,ATL,7.9
,,,,,,,,,,,,,,,2B,Brandon Lowe (42926515),Brandon Lowe,42926515,2B,5200,STL@PIT 04/29/2026 06:40PM ET,PIT,9.28
,,,,,,,,,,,,,,,C,Drake Baldwin (42926516),Drake Baldwin,42926516,C,5100,DET@ATL 04/29/2026 07:15PM ET,ATL,10.37
,,,,,,,,,,,,,,,2B,Jose Altuve (42926517),Jose Altuve,42926517,2B,5100,Postponed,HOU,7.39
,,,,,,,,,,,,,,,OF,Christian Yelich (42926710),Christian Yelich,42926710,OF,5100,ARI@MIL 04/29/2026 07:40PM ET,MIL,8.6
,,,,,,,,,,,,,,,1B,Matt Olson (42926518),Matt Olson,42926518,1B,5000,DET@ATL 04/29/2026 07:15PM ET,ATL,10.77
,,,,,,,,,,,,,,,OF,Jackson Chourio (42926711),Jackson Chourio,42926711,OF,5000,ARI@MIL 04/29/2026 07:40PM ET,MIL,0
,,,,,,,,,,,,,,,3B/SS,Kevin McGonigle (42926519),Kevin McGonigle,42926519,3B/SS,4900,DET@ATL 04/29/2026 07:15PM ET,DET,9.17
,,,,,,,,,,,,,,,1B,Pete Alonso (42926521),Pete Alonso,42926521,1B,4900,Postponed,BAL,6.72
,,,,,,,,,,,,,,,1B/OF,Ryan O'Hearn (42926522),Ryan O'Hearn,42926522,1B/OF,4800,STL@PIT 04/29/2026 06:40PM ET,PIT,8.86
,,,,,,,,,,,,,,,1B,Alec Burleson (42926525),Alec Burleson,42926525,1B,4700,STL@PIT 04/29/2026 06:40PM ET,STL,7.96
,,,,,,,,,,,,,,,OF,Luis Robert Jr. (42926524),Luis Robert Jr.,42926524,OF,4700,WSH@NYM 04/29/2026 07:10PM ET,NYM,6.33
,,,,,,,,,,,,,,,OF,Taylor Ward (42926527),Taylor Ward,42926527,OF,4600,Postponed,BAL,8.31
,,,,,,,,,,,,,,,OF,Daylen Lile (42926526),Daylen Lile,42926526,OF,4600,WSH@NYM 04/29/2026 07:10PM ET,WSH,7.72
,,,,,,,,,,,,,,,C,Dillon Dingler (42926530),Dillon Dingler,42926530,C,4500,DET@ATL 04/29/2026 07:15PM ET,DET,7.72
,,,,,,,,,,,,,,,3B,Eugenio Suarez (42926712),Eugenio Suarez,42926712,3B,4500,COL@CIN 04/29/2026 06:40PM ET,CIN,6
,,,,,,,,,,,,,,,1B,Rafael Devers (42926528),Rafael Devers,42926528,1B,4500,SF@PHI 04/29/2026 06:10PM ET,SF,4.9
,,,,,,,,,,,,,,,OF,Bryan Reynolds (42926529),Bryan Reynolds,42926529,OF,4500,STL@PIT 04/29/2026 06:40PM ET,PIT,7.8
,,,,,,,,,,,,,,,SS,Francisco Lindor (42926713),Francisco Lindor,42926713,SS,4500,WSH@NYM 04/29/2026 07:10PM ET,NYM,6.79
,,,,,,,,,,,,,,,2B,Ozzie Albies (42926533),Ozzie Albies,42926533,2B,4400,DET@ATL 04/29/2026 07:15PM ET,ATL,8.57
,,,,,,,,,,,,,,,1B,Christian Walker (42926531),Christian Walker,42926531,1B,4400,Postponed,HOU,9.17
,,,,,,,,,,,,,,,C,Hunter Goodman (42926534),Hunter Goodman,42926534,C,4400,COL@CIN 04/29/2026 06:40PM ET,COL,8.26
,,,,,,,,,,,,,,,3B,Matt Chapman (42926532),Matt Chapman,42926532,3B,4400,SF@PHI 04/29/2026 06:10PM ET,SF,6.45
,,,,,,,,,,,,,,,SS,Trea Turner (42926535),Trea Turner,42926535,SS,4400,SF@PHI 04/29/2026 06:10PM ET,PHI,7.45
,,,,,,,,,,,,,,,3B,Jordan Westburg (42926714),Jordan Westburg,42926714,3B,4300,Postponed,BAL,0
,,,,,,,,,,,,,,,2B/SS,Willi Castro (42926538),Willi Castro,42926538,2B/SS,4300,COL@CIN 04/29/2026 06:40PM ET,COL,5.82
,,,,,,,,,,,,,,,1B,Bryce Harper (42926536),Bryce Harper,42926536,1B,4300,SF@PHI 04/29/2026 06:10PM ET,PHI,8.59
,,,,,,,,,,,,,,,C,Ivan Herrera (42926537),Ivan Herrera,42926537,C,4300,STL@PIT 04/29/2026 06:40PM ET,STL,7.86
,,,,,,,,,,,,,,,OF,Riley Greene (42926541),Riley Greene,42926541,OF,4200,DET@ATL 04/29/2026 07:15PM ET,DET,8.1
,,,,,,,,,,,,,,,3B/SS,Carlos Correa (42926542),Carlos Correa,42926542,3B/SS,4200,Postponed,HOU,7.96
,,,,,,,,,,,,,,,SS,Jeremy Pena (42926715),Jeremy Pena,42926715,SS,4200,Postponed,HOU,6.2
,,,,,,,,,,,,,,,2B,Luis Arraez (42926545),Luis Arraez,42926545,2B,4200,SF@PHI 04/29/2026 06:10PM ET,SF,6.71
,,,,,,,,,,,,,,,1B,Jake Bauers (42926540),Jake Bauers,42926540,1B,4200,ARI@MIL 04/29/2026 07:40PM ET,MIL,8.23
,,,,,,,,,,,,,,,C,William Contreras (42926544),William Contreras,42926544,C,4200,ARI@MIL 04/29/2026 07:40PM ET,MIL,7.62
,,,,,,,,,,,,,,,C,Adley Rutschman (42926546),Adley Rutschman,42926546,C,4100,Postponed,BAL,9.33
,,,,,,,,,,,,,,,2B,Jeremiah Jackson (42926548),Jeremiah Jackson,42926548,2B,4100,Postponed,BAL,6.7
,,,,,,,,,,,,,,,OF,Joey Wiemer (42926547),Joey Wiemer,42926547,OF,4100,WSH@NYM 04/29/2026 07:10PM ET,WSH,6.14
,,,,,,,,,,,,,,,OF,Kerry Carpenter (42926555),Kerry Carpenter,42926555,OF,4000,DET@ATL 04/29/2026 07:15PM ET,DET,6.56
,,,,,,,,,,,,,,,SP,Jake Miller (42926965),Jake Miller,42926965,P,4000,DET@ATL 04/29/2026 07:15PM ET,DET,0
,,,,,,,,,,,,,,,SP,Yoniel Curet (42926976),Yoniel Curet,42926976,P,4000,DET@ATL 04/29/2026 07:15PM ET,DET,0
,,,,,,,,,,,,,,,RP,Joe Jimenez (42926977),Joe Jimenez,42926977,P,4000,DET@ATL 04/29/2026 07:15PM ET,ATL,0
,,,,,,,,,,,,,,,RP,Jhancarlos Lara (42926984),Jhancarlos Lara,42926984,P,4000,DET@ATL 04/29/2026 07:15PM ET,ATL,0
,,,,,,,,,,,,,,,SP,Ty Madden (42926985),Ty Madden,42926985,P,4000,DET@ATL 04/29/2026 07:15PM ET,DET,0
,,,,,,,,,,,,,,,RP,Sawyer Gipson-Long (42926989),Sawyer Gipson-Long,42926989,P,4000,DET@ATL 04/29/2026 07:15PM ET,DET,0
,,,,,,,,,,,,,,,RP,Tyler Kinley (42926999),Tyler Kinley,42926999,P,4000,DET@ATL 04/29/2026 07:15PM ET,ATL,3.92
,,,,,,,,,,,,,,,RP,Burch Smith (42927006),Burch Smith,42927006,P,4000,DET@ATL 04/29/2026 07:15PM ET,DET,7.27
,,,,,,,,,,,,,,,RP,Dylan Lee (42927009),Dylan Lee,42927009,P,4000,DET@ATL 04/29/2026 07:15PM ET,ATL,3.6
,,,,,,,,,,,,,,,RP,Grant Holman (42927015),Grant Holman,42927015,P,4000,DET@ATL 04/29/2026 07:15PM ET,DET,0
,,,,,,,,,,,,,,,RP,Hunter Stratton (42927017),Hunter Stratton,42927017,P,4000,DET@ATL 04/29/2026 07:15PM ET,ATL,0
,,,,,,,,,,,,,,,RP,Daysbel Hernandez (42927022),Daysbel Hernandez,42927022,P,4000,DET@ATL 04/29/2026 07:15PM ET,ATL,0
,,,,,,,,,,,,,,,RP,Danny Young (42927029),Danny Young,42927029,P,4000,DET@ATL 04/29/2026 07:15PM ET,ATL,0
,,,,,,,,,,,,,,,RP,Aaron Bummer (42927039),Aaron Bummer,42927039,P,4000,DET@ATL 04/29/2026 07:15PM ET,ATL,1.34
,,,,,,,,,,,,,,,RP,Kenley Jansen (42927040),Kenley Jansen,42927040,P,4000,DET@ATL 04/29/2026 07:15PM ET,DET,2.5
,,,,,,,,,,,,,,,RP,Brant Hurter (42927044),Brant Hurter,42927044,P,4000,DET@ATL 04/29/2026 07:15PM ET,DET,3.85
,,,,,,,,,,,,,,,RP,Robert Suarez (42927049),Robert Suarez,42927049,P,4000,DET@ATL 04/29/2026 07:15PM ET,ATL,4.15
,,,,,,,,,,,,,,,RP,Rolddy Munoz (42927062),Rolddy Munoz,42927062,P,4000,DET@ATL 04/29/2026 07:15PM ET,ATL,0.9
,,,,,,,,,,,,,,,RP,Bailey Horn (42927075),Bailey Horn,42927075,P,4000,DET@ATL 04/29/2026 07:15PM ET,DET,0
,,,,,,,,,,,,,,,RP,Raisel Iglesias (42927084),Raisel Iglesias,42927084,P,4000,DET@ATL 04/29/2026 07:15PM ET,ATL,4.74
,,,,,,,,,,,,,,,RP,Joel Payamps (42927085),Joel Payamps,42927085,P,4000,DET@ATL 04/29/2026 07:15PM ET,ATL,1.32
,,,,,,,,,,,,,,,RP,Beau Brieske (42927088),Beau Brieske,42927088,P,4000,DET@ATL 04/29/2026 07:15PM ET,DET,0
,,,,,,,,,,,,,,,RP,Tyler Holton (42927094),Tyler Holton,42927094,P,4000,DET@ATL 04/29/2026 07:15PM ET,DET,1.2
,,,,,,,,,,,,,,,RP,Drew Anderson (42927095),Drew Anderson,42927095,P,4000,DET@ATL 04/29/2026 07:15PM ET,DET,3.62
,,,,,,,,,,,,,,,RP,Drew Sommers (42927105),Drew Sommers,42927105,P,4000,DET@ATL 04/29/2026 07:15PM ET,DET,0
,,,,,,,,,,,,,,,RP,Connor Seabold (42927121),Connor Seabold,42927121,P,4000,DET@ATL 04/29/2026 07:15PM ET,DET,3.74
,,,,,,,,,,,,,,,RP,Brenan Hanifee (42927125),Brenan Hanifee,42927125,P,4000,DET@ATL 04/29/2026 07:15PM ET,DET,1.65
,,,,,,,,,,,,,,,RP,Dylan Dodd (42927126),Dylan Dodd,42927126,P,4000,DET@ATL 04/29/2026 07:15PM ET,ATL,6.3
,,,,,,,,,,,,,,,RP,Kyle Finnegan (42927127),Kyle Finnegan,42927127,P,4000,DET@ATL 04/29/2026 07:15PM ET,DET,3.32
,,,,,,,,,,,,,,,RP,Will Vest (42927133),Will Vest,42927133,P,4000,DET@ATL 04/29/2026 07:15PM ET,DET,2.31
,,,,,,,,,,,,,,,RP,Enmanuel De Jesus (42927136),Enmanuel De Jesus,42927136,P,4000,DET@ATL 04/29/2026 07:15PM ET,DET,1.47
,,,,,,,,,,,,,,,RP,Hayden Harris (42927143),Hayden Harris,42927143,P,4000,DET@ATL 04/29/2026 07:15PM ET,ATL,0
,,,,,,,,,,,,,,,3B,Isaac Paredes (42926553),Isaac Paredes,42926553,3B,4000,Postponed,HOU,6.68
,,,,,,,,,,,,,,,OF,Tyler O'Neill (42926554),Tyler O'Neill,42926554,OF,4000,Postponed,BAL,4.85
,,,,,,,,,,,,,,,RP,Ryan Helsley (42926996),Ryan Helsley,42926996,P,4000,Postponed,BAL,3.3
,,,,,,,,,,,,,,,RP,Felix Bautista (42927001),Felix Bautista,42927001,P,4000,Postponed,BAL,0
,,,,,,,,,,,,,,,RP,Grant Wolfram (42927002),Grant Wolfram,42927002,P,4000,Postponed,BAL,3.14
,,,,,,,,,,,,,,,RP,Jayden Murray (42927034),Jayden Murray,42927034,P,4000,Postponed,HOU,2.08
,,,,,,,,,,,,,,,RP,Nick Raquet (42927035),Nick Raquet,42927035,P,4000,Postponed,BAL,-2.62
,,,,,,,,,,,,,,,RP,Bryan King (42927047),Bryan King,42927047,P,4000,Postponed,HOU,3.08
,,,,,,,,,,,,,,,RP,Steven Okert (42927051),Steven Okert,42927051,P,4000,Postponed,HOU,2.11
,,,,,,,,,,,,,,,RP,Bennett Sousa (42927052),Bennett Sousa,42927052,P,4000,Postponed,HOU,1
,,,,,,,,,,,,,,,RP,Andrew Kittredge (42927058),Andrew Kittredge,42927058,P,4000,Postponed,BAL,4.32
,,,,,,,,,,,,,,,RP,Enyel De Los Santos (42927064),Enyel De Los Santos,42927064,P,4000,Postponed,HOU,1.62
,,,,,,,,,,,,,,,RP,Yennier Cano (42927074),Yennier Cano,42927074,P,4000,Postponed,BAL,2.58
,,,,,,,,,,,,,,,RP,Anthony Nunez (42927076),Anthony Nunez,42927076,P,4000,Postponed,BAL,4.19
,,,,,,,,,,,,,,,RP,Cameron Foster (42927087),Cameron Foster,42927087,P,4000,Postponed,BAL,2.59
,,,,,,,,,,,,,,,RP,Colin Selby (42927101),Colin Selby,42927101,P,4000,Postponed,BAL,0
,,,,,,,,,,,,,,,RP,Bryan Abreu (42927108),Bryan Abreu,42927108,P,4000,Postponed,HOU,0.76
,,,,,,,,,,,,,,,RP,Yaramil Hiraldo (42927117),Yaramil Hiraldo,42927117,P,4000,Postponed,BAL,-1.48
,,,,,,,,,,,,,,,RP,Jose Espada (42927129),Jose Espada,42927129,P,4000,Postponed,BAL,0
,,,,,,,,,,,,,,,RP,Rico Garcia (42927135),Rico Garcia,42927135,P,4000,Postponed,BAL,4.5
,,,,,,,,,,,,,,,RP,Josh Hader (42927139),Josh Hader,42927139,P,4000,Postponed,HOU,0
,,,,,,,,,,,,,,,OF,Mickey Moniak (42926551),Mickey Moniak,42926551,OF,4000,COL@CIN 04/29/2026 06:40PM ET,COL,9.44
,,,,,,,,,,,,,,,RP,RJ Petit (42926968),RJ Petit,42926968,P,4000,COL@CIN 04/29/2026 06:40PM ET,COL,0
,,,,,,,,,,,,,,,SP,Gabriel Hughes (42926971),Gabriel Hughes,42926971,P,4000,COL@CIN 04/29/2026 06:40PM ET,COL,0
,,,,,,,,,,,,,,,SP,Julian Aguiar (42926974),Julian Aguiar,42926974,P,4000,COL@CIN 04/29/2026 06:40PM ET,CIN,0
,,,,,,,,,,,,,,,RP,Welinton Herrera (42926979),Welinton Herrera,42926979,P,4000,COL@CIN 04/29/2026 06:40PM ET,COL,0
,,,,,,,,,,,,,,,RP,Jeff Criswell (42926982),Jeff Criswell,42926982,P,4000,COL@CIN 04/29/2026 06:40PM ET,COL,0
,,,,,,,,,,,,,,,SP,Pierson Ohl (42926990),Pierson Ohl,42926990,P,4000,COL@CIN 04/29/2026 06:40PM ET,COL,0
,,,,,,,,,,,,,,,RP,Carson Palmquist (42926991),Carson Palmquist,42926991,P,4000,COL@CIN 04/29/2026 06:40PM ET,COL,0
,,,,,,,,,,,,,,,RP,Juan Mejia (42926992),Juan Mejia,42926992,P,4000,COL@CIN 04/29/2026 06:40PM ET,COL,2.33
,,,,,,,,,,,,,,,RP,Zach Maxwell (42927019),Zach Maxwell,42927019,P,4000,COL@CIN 04/29/2026 06:40PM ET,CIN,0
,,,,,,,,,,,,,,,RP,Brennan Bernardino (42927021),Brennan Bernardino,42927021,P,4000,COL@CIN 04/29/2026 06:40PM ET,COL,3.3
,,,,,,,,,,,,,,,RP,Caleb Ferguson (42927023),Caleb Ferguson,42927023,P,4000,COL@CIN 04/29/2026 06:40PM ET,CIN,0
,,,,,,,,,,,,,,,RP,Victor Vodnik (42927024),Victor Vodnik,42927024,P,4000,COL@CIN 04/29/2026 06:40PM ET,COL,1.26
,,,,,,,,,,,,,,,RP,Jimmy Herget (42927025),Jimmy Herget,42927025,P,4000,COL@CIN 04/29/2026 06:40PM ET,COL,3.49
,,,,,,,,,,,,,,,RP,Seth Halvorsen (42927055),Seth Halvorsen,42927055,P,4000,COL@CIN 04/29/2026 06:40PM ET,COL,3.65
,,,,,,,,,,,,,,,SP,Tony Santillan (42927061),Tony Santillan,42927061,P,4000,COL@CIN 04/29/2026 06:40PM ET,CIN,3.55
,,,,,,,,,,,,,,,RP,Sammy Peralta (42927070),Sammy Peralta,42927070,P,4000,COL@CIN 04/29/2026 06:40PM ET,COL,0
,,,,,,,,,,,,,,,RP,Sam Moll (42927072),Sam Moll,42927072,P,4000,COL@CIN 04/29/2026 06:40PM ET,CIN,2.94
,,,,,,,,,,,,,,,RP,Kyle Nicolas (42927078),Kyle Nicolas,42927078,P,4000,COL@CIN 04/29/2026 06:40PM ET,CIN,1.13
,,,,,,,,,,,,,,,RP,Emilio Pagan (42927079),Emilio Pagan,42927079,P,4000,COL@CIN 04/29/2026 06:40PM ET,CIN,2.85
,,,,,,,,,,,,,,,RP,Brock Burke (42927080),Brock Burke,42927080,P,4000,COL@CIN 04/29/2026 06:40PM ET,CIN,3.87
,,,,,,,,,,,,,,,SP,Jose Franco (42927089),Jose Franco,42927089,P,4000,COL@CIN 04/29/2026 06:40PM ET,CIN,2.91
,,,,,,,,,,,,,,,RP,Jaden Hill (42927098),Jaden Hill,42927098,P,4000,COL@CIN 04/29/2026 06:40PM ET,COL,2.27
,,,,,,,,,,,,,,,RP,Graham Ashcraft (42927131),Graham Ashcraft,42927131,P,4000,COL@CIN 04/29/2026 06:40PM ET,CIN,3.49
,,,,,,,,,,,,,,,RP,Pierce Johnson (42927137),Pierce Johnson,42927137,P,4000,COL@CIN 04/29/2026 06:40PM ET,CIN,2.71
,,,,,,,,,,,,,,,RP,Zach Agnos (42927138),Zach Agnos,42927138,P,4000,COL@CIN 04/29/2026 06:40PM ET,COL,3.58
,,,,,,,,,,,,,,,RP,Luis Mey (42927140),Luis Mey,42927140,P,4000,COL@CIN 04/29/2026 06:40PM ET,CIN,0
,,,,,,,,,,,,,,,SP,Connor Phillips (42927144),Connor Phillips,42927144,P,4000,COL@CIN 04/29/2026 06:40PM ET,CIN,3.37
,,,,,,,,,,,,,,,RP,Moises Chace (42926961),Moises Chace,42926961,P,4000,SF@PHI 04/29/2026 06:10PM ET,PHI,0
,,,,,,,,,,,,,,,RP,Reiver Sanmartin (42926978),Reiver Sanmartin,42926978,P,4000,SF@PHI 04/29/2026 06:10PM ET,SF,0
,,,,,,,,,,,,,,,RP,Jason Foley (42926981),Jason Foley,42926981,P,4000,SF@PHI 04/29/2026 06:10PM ET,SF,0
,,,,,,,,,,,,,,,RP,Sam Hentges (42926983),Sam Hentges,42926983,P,4000,SF@PHI 04/29/2026 06:10PM ET,SF,0
,,,,,,,,,,,,,,,SP,Jean Cabrera (42926986),Jean Cabrera,42926986,P,4000,SF@PHI 04/29/2026 06:10PM ET,PHI,0
,,,,,,,,,,,,,,,RP,Rowan Wick (42926987),Rowan Wick,42926987,P,4000,SF@PHI 04/29/2026 06:10PM ET,SF,0
,,,,,,,,,,,,,,,RP,Orion Kerkering (42926994),Orion Kerkering,42926994,P,4000,SF@PHI 04/29/2026 06:10PM ET,PHI,2.93
,,,,,,,,,,,,,,,RP,Alan Rangel (42926997),Alan Rangel,42926997,P,4000,SF@PHI 04/29/2026 06:10PM ET,PHI,12.95
,,,,,,,,,,,,,,,RP,Ryan Borucki (42927013),Ryan Borucki,42927013,P,4000,SF@PHI 04/29/2026 06:10PM ET,SF,1.71
,,,,,,,,,,,,,,,SP,Caleb Kilian (42927020),Caleb Kilian,42927020,P,4000,SF@PHI 04/29/2026 06:10PM ET,SF,4.15
,,,,,,,,,,,,,,,RP,Erik Miller (42927026),Erik Miller,42927026,P,4000,SF@PHI 04/29/2026 06:10PM ET,SF,3.53
,,,,,,,,,,,,,,,RP,Zach Pop (42927041),Zach Pop,42927041,P,4000,SF@PHI 04/29/2026 06:10PM ET,PHI,2.44
,,,,,,,,,,,,,,,RP,Brad Keller (42927042),Brad Keller,42927042,P,4000,SF@PHI 04/29/2026 06:10PM ET,PHI,2.75
,,,,,,,,,,,,,,,RP,Kyle Backhus (42927043),Kyle Backhus,42927043,P,4000,SF@PHI 04/29/2026 06:10PM ET,PHI,2.46
,,,,,,,,,,,,,,,RP,Ryan Walker (42927048),Ryan Walker,42927048,P,4000,SF@PHI 04/29/2026 06:10PM ET,SF,2.78
,,,,,,,,,,,,,,,RP,Tanner Banks (42927050),Tanner Banks,42927050,P,4000,SF@PHI 04/29/2026 06:10PM ET,PHI,1.41
,,,,,,,,,,,,,,,RP,Tim Mayza (42927063),Tim Mayza,42927063,P,4000,SF@PHI 04/29/2026 06:10PM ET,PHI,3.13
,,,,,,,,,,,,,,,RP,Randy Rodriguez (42927065),Randy Rodriguez,42927065,P,4000,SF@PHI 04/29/2026 06:10PM ET,SF,0
,,,,,,,,,,,,,,,RP,Jose Alvarado (42927082),Jose Alvarado,42927082,P,4000,SF@PHI 04/29/2026 06:10PM ET,PHI,1.16
,,,,,,,,,,,,,,,RP,Joel Peguero (42927083),Joel Peguero,42927083,P,4000,SF@PHI 04/29/2026 06:10PM ET,SF,0
,,,,,,,,,,,,,,,RP,Max Lazar (42927091),Max Lazar,42927091,P,4000,SF@PHI 04/29/2026 06:10PM ET,PHI,0
,,,,,,,,,,,,,,,RP,Matt Gage (42927100),Matt Gage,42927100,P,4000,SF@PHI 04/29/2026 06:10PM ET,SF,2.97
,,,,,,,,,,,,,,,RP,Trevor McDonald (42927102),Trevor McDonald,42927102,P,4000,SF@PHI 04/29/2026 06:10PM ET,SF,0
,,,,,,,,,,,,,,,RP,Chase Shugart (42927111),Chase Shugart,42927111,P,4000,SF@PHI 04/29/2026 06:10PM ET,PHI,3.24
,,,,,,,,,,,,,,,RP,Jhoan Duran (42927130),Jhoan Duran,42927130,P,4000,SF@PHI 04/29/2026 06:10PM ET,PHI,4.29
,,,,,,,,,,,,,,,RP,Nolan Hoffman (42927134),Nolan Hoffman,42927134,P,4000,SF@PHI 04/29/2026 06:10PM ET,PHI,4.4
,,,,,,,,,,,,,,,RP,Ryan Harbin (42926964),Ryan Harbin,42926964,P,4000,STL@PIT 04/29/2026 06:40PM ET,PIT,0
,,,,,,,,,,,,,,,SP,Tink Hence (42926970),Tink Hence,42926970,P,4000,STL@PIT 04/29/2026 06:40PM ET,STL,0
,,,,,,,,,,,,,,,RP,Cooper Hjerpe (42926972),Cooper Hjerpe,42926972,P,4000,STL@PIT 04/29/2026 06:40PM ET,STL,0
,,,,,,,,,,,,,,,RP,Brandan Bidois (42926973),Brandan Bidois,42926973,P,4000,STL@PIT 04/29/2026 06:40PM ET,PIT,0
,,,,,,,,,,,,,,,RP,Matt Svanson (42926995),Matt Svanson,42926995,P,4000,STL@PIT 04/29/2026 06:40PM ET,STL,0.78
,,,,,,,,,,,,,,,RP,Justin Bruihl (42927011),Justin Bruihl,42927011,P,4000,STL@PIT 04/29/2026 06:40PM ET,STL,0.81
,,,,,,,,,,,,,,,RP,JoJo Romero (42927012),JoJo Romero,42927012,P,4000,STL@PIT 04/29/2026 06:40PM ET,STL,1.89
,,,,,,,,,,,,,,,RP,Cam Sanders (42927018),Cam Sanders,42927018,P,4000,STL@PIT 04/29/2026 06:40PM ET,PIT,1.05
,,,,,,,,,,,,,,,RP,Mason Montgomery (42927027),Mason Montgomery,42927027,P,4000,STL@PIT 04/29/2026 06:40PM ET,PIT,4.27
,,,,,,,,,,,,,,,RP,Yohan Ramirez (42927031),Yohan Ramirez,42927031,P,4000,STL@PIT 04/29/2026 06:40PM ET,PIT,5.43
,,,,,,,,,,,,,,,RP,Luis Peralta (42927032),Luis Peralta,42927032,P,4000,STL@PIT 04/29/2026 06:40PM ET,STL,0
,,,,,,,,,,,,,,,RP,Dennis Santana (42927060),Dennis Santana,42927060,P,4000,STL@PIT 04/29/2026 06:40PM ET,PIT,2.71
,,,,,,,,,,,,,,,SP,Riley O'Brien (42927066),Riley O'Brien,42927066,P,4000,STL@PIT 04/29/2026 06:40PM ET,STL,4.6
,,,,,,,,,,,,,,,RP,Justin Lawrence (42927068),Justin Lawrence,42927068,P,4000,STL@PIT 04/29/2026 06:40PM ET,PIT,2.58
,,,,,,,,,,,,,,,RP,Evan Sisk (42927073),Evan Sisk,42927073,P,4000,STL@PIT 04/29/2026 06:40PM ET,PIT,4.46
,,,,,,,,,,,,,,,RP,Matt Pushard (42927092),Matt Pushard,42927092,P,4000,STL@PIT 04/29/2026 06:40PM ET,STL,-4.15
,,,,,,,,,,,,,,,RP,Ryne Stanek (42927096),Ryne Stanek,42927096,P,4000,STL@PIT 04/29/2026 06:40PM ET,STL,2.25
,,,,,,,,,,,,,,,RP,Chris Roycroft (42927104),Chris Roycroft,42927104,P,4000,STL@PIT 04/29/2026 06:40PM ET,STL,-0.71
,,,,,,,,,,,,,,,RP,Isaac Mattson (42927116),Isaac Mattson,42927116,P,4000,STL@PIT 04/29/2026 06:40PM ET,PIT,2.79
,,,,,,,,,,,,,,,RP,George Soriano (42927120),George Soriano,42927120,P,4000,STL@PIT 04/29/2026 06:40PM ET,STL,2.41
,,,,,,,,,,,,,,,RP,Ryan Fernandez (42927122),Ryan Fernandez,42927122,P,4000,STL@PIT 04/29/2026 06:40PM ET,STL,6.84
,,,,,,,,,,,,,,,RP,Gregory Soto (42927145),Gregory Soto,42927145,P,4000,STL@PIT 04/29/2026 06:40PM ET,PIT,4.48
,,,,,,,,,,,,,,,1B/2B,Ildemaro Vargas (42926549),Ildemaro Vargas,42926549,1B/2B,4000,ARI@MIL 04/29/2026 07:40PM ET,ARI,11.24
,,,,,,,,,,,,,,,SS,Geraldo Perdomo (42926552),Geraldo Perdomo,42926552,SS,4000,ARI@MIL 04/29/2026 07:40PM ET,ARI,7.32
,,,,,,,,,,,,,,,RP,Blake Walston (42926963),Blake Walston,42926963,P,4000,ARI@MIL 04/29/2026 07:40PM ET,ARI,0
,,,,,,,,,,,,,,,SP,Kohl Drake (42926969),Kohl Drake,42926969,P,4000,ARI@MIL 04/29/2026 07:40PM ET,ARI,0
,,,,,,,,,,,,,,,SP,Dylan Ray (42926975),Dylan Ray,42926975,P,4000,ARI@MIL 04/29/2026 07:40PM ET,ARI,0
,,,,,,,,,,,,,,,SP,Mitch Bratt (42926980),Mitch Bratt,42926980,P,4000,ARI@MIL 04/29/2026 07:40PM ET,ARI,0
,,,,,,,,,,,,,,,RP,Taylor Clarke (42926993),Taylor Clarke,42926993,P,4000,ARI@MIL 04/29/2026 07:40PM ET,ARI,2.19
,,,,,,,,,,,,,,,RP,Craig Yoho (42927004),Craig Yoho,42927004,P,4000,ARI@MIL 04/29/2026 07:40PM ET,MIL,0
,,,,,,,,,,,,,,,RP,Paul Sewald (42927005),Paul Sewald,42927005,P,4000,ARI@MIL 04/29/2026 07:40PM ET,ARI,2.59
,,,,,,,,,,,,,,,RP,Aaron Ashby (42927007),Aaron Ashby,42927007,P,4000,ARI@MIL 04/29/2026 07:40PM ET,MIL,6.38
,,,,,,,,,,,,,,,RP,Brandyn Garcia (42927008),Brandyn Garcia,42927008,P,4000,ARI@MIL 04/29/2026 07:40PM ET,ARI,0
,,,,,,,,,,,,,,,RP,Easton McGee (42927014),Easton McGee,42927014,P,4000,ARI@MIL 04/29/2026 07:40PM ET,MIL,1.65
,,,,,,,,,,,,,,,RP,Ryan Thompson (42927016),Ryan Thompson,42927016,P,4000,ARI@MIL 04/29/2026 07:40PM ET,ARI,1.82
,,,,,,,,,,,,,,,RP,Andrew Hoffmann (42927036),Andrew Hoffmann,42927036,P,4000,ARI@MIL 04/29/2026 07:40PM ET,ARI,1.83
,,,,,,,,,,,,,,,RP,Andrew Saalfrank (42927038),Andrew Saalfrank,42927038,P,4000,ARI@MIL 04/29/2026 07:40PM ET,ARI,0
,,,,,,,,,,,,,,,RP,Abner Uribe (42927045),Abner Uribe,42927045,P,4000,ARI@MIL 04/29/2026 07:40PM ET,MIL,2.95
,,,,,,,,,,,,,,,RP,Trevor Megill (42927054),Trevor Megill,42927054,P,4000,ARI@MIL 04/29/2026 07:40PM ET,MIL,1.9
,,,,,,,,,,,,,,,RP,Grant Anderson (42927056),Grant Anderson,42927056,P,4000,ARI@MIL 04/29/2026 07:40PM ET,MIL,2.94
,,,,,,,,,,,,,,,RP,Taylor Rashi (42927057),Taylor Rashi,42927057,P,4000,ARI@MIL 04/29/2026 07:40PM ET,ARI,3.28
,,,,,,,,,,,,,,,RP,Justin Martinez (42927059),Justin Martinez,42927059,P,4000,ARI@MIL 04/29/2026 07:40PM ET,ARI,0
,,,,,,,,,,,,,,,RP,Kade Strowd (42927067),Kade Strowd,42927067,P,4000,ARI@MIL 04/29/2026 07:40PM ET,ARI,0
,,,,,,,,,,,,,,,RP,Jonathan Loaisiga (42927069),Jonathan Loaisiga,42927069,P,4000,ARI@MIL 04/29/2026 07:40PM ET,ARI,2.32
,,,,,,,,,,,,,,,RP,Jared Koenig (42927071),Jared Koenig,42927071,P,4000,ARI@MIL 04/29/2026 07:40PM ET,MIL,3.42
,,,,,,,,,,,,,,,RP,Carlos Rodriguez (42927077),Carlos Rodriguez,42927077,P,4000,ARI@MIL 04/29/2026 07:40PM ET,MIL,7
,,,,,,,,,,,,,,,RP,Rob Zastryzny (42927090),Rob Zastryzny,42927090,P,4000,ARI@MIL 04/29/2026 07:40PM ET,MIL,0
,,,,,,,,,,,,,,,RP,A.J. Puk (42927097),A.J. Puk,42927097,P,4000,ARI@MIL 04/29/2026 07:40PM ET,ARI,0
,,,,,,,,,,,,,,,RP,Kevin Ginkel (42927103),Kevin Ginkel,42927103,P,4000,ARI@MIL 04/29/2026 07:40PM ET,ARI,3.06
,,,,,,,,,,,,,,,SP,Cristian Mena (42927112),Cristian Mena,42927112,P,4000,ARI@MIL 04/29/2026 07:40PM ET,ARI,0
,,,,,,,,,,,,,,,RP,Juan Morillo (42927113),Juan Morillo,42927113,P,4000,ARI@MIL 04/29/2026 07:40PM ET,ARI,3.82
,,,,,,,,,,,,,,,RP,Angel Zerpa (42927114),Angel Zerpa,42927114,P,4000,ARI@MIL 04/29/2026 07:40PM ET,MIL,1.11
,,,,,,,,,,,,,,,RP,Juan Burgos (42927123),Juan Burgos,42927123,P,4000,ARI@MIL 04/29/2026 07:40PM ET,ARI,0
,,,,,,,,,,,,,,,RP,Philip Abner (42927132),Philip Abner,42927132,P,4000,ARI@MIL 04/29/2026 07:40PM ET,ARI,0
,,,,,,,,,,,,,,,RP,Drey Jameson (42927142),Drey Jameson,42927142,P,4000,ARI@MIL 04/29/2026 07:40PM ET,ARI,0
,,,,,,,,,,,,,,,RP,DL Hall (42927146),DL Hall,42927146,P,4000,ARI@MIL 04/29/2026 07:40PM ET,MIL,3.35
,,,,,,,,,,,,,,,RP,Dylan Ross (42926962),Dylan Ross,42926962,P,4000,WSH@NYM 04/29/2026 07:10PM ET,NYM,0
,,,,,,,,,,,,,,,RP,Jonathan Pintaro (42926966),Jonathan Pintaro,42926966,P,4000,WSH@NYM 04/29/2026 07:10PM ET,NYM,0
,,,,,,,,,,,,,,,SP,Luis Perales (42926967),Luis Perales,42926967,P,4000,WSH@NYM 04/29/2026 07:10PM ET,WSH,0
,,,,,,,,,,,,,,,RP,Justin Hagenman (42926988),Justin Hagenman,42926988,P,4000,WSH@NYM 04/29/2026 07:10PM ET,NYM,0
,,,,,,,,,,,,,,,RP,Clayton Beeter (42926998),Clayton Beeter,42926998,P,4000,WSH@NYM 04/29/2026 07:10PM ET,WSH,2.88
,,,,,,,,,,,,,,,RP,Luke Weaver (42927000),Luke Weaver,42927000,P,4000,WSH@NYM 04/29/2026 07:10PM ET,NYM,2.5
,,,,,,,,,,,,,,,RP,Gus Varland (42927003),Gus Varland,42927003,P,4000,WSH@NYM 04/29/2026 07:10PM ET,WSH,2.82
,,,,,,,,,,,,,,,RP,A.J. Minter (42927010),A.J. Minter,42927010,P,4000,WSH@NYM 04/29/2026 07:10PM ET,NYM,0
,,,,,,,,,,,,,,,RP,Cole Henry (42927028),Cole Henry,42927028,P,4000,WSH@NYM 04/29/2026 07:10PM ET,WSH,1.99
,,,,,,,,,,,,,,,RP,Devin Williams (42927030),Devin Williams,42927030,P,4000,WSH@NYM 04/29/2026 07:10PM ET,NYM,2.4
,,,,,,,,,,,,,,,RP,Brooks Raley (42927033),Brooks Raley,42927033,P,4000,WSH@NYM 04/29/2026 07:10PM ET,NYM,3.07
,,,,,,,,,,,,,,,RP,Julian Fernandez (42927037),Julian Fernandez,42927037,P,4000,WSH@NYM 04/29/2026 07:10PM ET,WSH,1.8
,,,,,,,,,,,,,,,RP,PJ Poulin (42927046),PJ Poulin,42927046,P,4000,WSH@NYM 04/29/2026 07:10PM ET,WSH,2.07
,,,,,,,,,,,,,,,RP,Craig Kimbrel (42927053),Craig Kimbrel,42927053,P,4000,WSH@NYM 04/29/2026 07:10PM ET,NYM,2.63
,,,,,,,,,,,,,,,RP,Austin Warren (42927081),Austin Warren,42927081,P,4000,WSH@NYM 04/29/2026 07:10PM ET,NYM,5.02
,,,,,,,,,,,,,,,RP,Alex Carrillo (42927086),Alex Carrillo,42927086,P,4000,WSH@NYM 04/29/2026 07:10PM ET,NYM,0
,,,,,,,,,,,,,,,RP,Orlando Ribalta (42927093),Orlando Ribalta,42927093,P,4000,WSH@NYM 04/29/2026 07:10PM ET,WSH,2.95
,,,,,,,,,,,,,,,RP,Paxton Schultz (42927099),Paxton Schultz,42927099,P,4000,WSH@NYM 04/29/2026 07:10PM ET,WSH,3.94
,,,,,,,,,,,,,,,RP,Cionel Perez (42927106),Cionel Perez,42927106,P,4000,WSH@NYM 04/29/2026 07:10PM ET,WSH,1.3
,,,,,,,,,,,,,,,RP,Richard Lovelady (42927107),Richard Lovelady,42927107,P,4000,WSH@NYM 04/29/2026 07:10PM ET,WSH,3.64
,,,,,,,,,,,,,,,RP,Reed Garrett (42927109),Reed Garrett,42927109,P,4000,WSH@NYM 04/29/2026 07:10PM ET,NYM,0
,,,,,,,,,,,,,,,RP,Carl Edwards Jr. (42927110),Carl Edwards Jr.,42927110,P,4000,WSH@NYM 04/29/2026 07:10PM ET,NYM,15.7
,,,,,,,,,,,,,,,RP,Andre Granillo (42927115),Andre Granillo,42927115,P,4000,WSH@NYM 04/29/2026 07:10PM ET,WSH,-0.26
,,,,,,,,,,,,,,,RP,Joey Gerber (42927118),Joey Gerber,42927118,P,4000,WSH@NYM 04/29/2026 07:10PM ET,NYM,12.7
,,,,,,,,,,,,,,,RP,Dedniel Nunez (42927119),Dedniel Nunez,42927119,P,4000,WSH@NYM 04/29/2026 07:10PM ET,NYM,0
,,,,,,,,,,,,,,,RP,Riley Cornelio (42927124),Riley Cornelio,42927124,P,4000,WSH@NYM 04/29/2026 07:10PM ET,WSH,-1.1
,,,,,,,,,,,,,,,RP,Huascar Brazoban (42927128),Huascar Brazoban,42927128,P,4000,WSH@NYM 04/29/2026 07:10PM ET,NYM,3.63
,,,,,,,,,,,,,,,SP,Ken Waldichuk (42927141),Ken Waldichuk,42927141,P,4000,WSH@NYM 04/29/2026 07:10PM ET,WSH,2.8
,,,,,,,,,,,,,,,3B,Austin Riley (42926556),Austin Riley,42926556,3B,3900,DET@ATL 04/29/2026 07:15PM ET,ATL,6.8
,,,,,,,,,,,,,,,2B,Gleyber Torres (42926558),Gleyber Torres,42926558,2B,3900,DET@ATL 04/29/2026 07:15PM ET,DET,6.96
,,,,,,,,,,,,,,,C,Samuel Basallo (42926557),Samuel Basallo,42926557,C,3900,Postponed,BAL,7
,,,,,,,,,,,,,,,2B,Jackson Holliday (42926716),Jackson Holliday,42926716,2B,3900,Postponed,BAL,0
,,,,,,,,,,,,,,,SS,Willy Adames (42926559),Willy Adames,42926559,SS,3900,SF@PHI 04/29/2026 06:10PM ET,SF,5.64
,,,,,,,,,,,,,,,SS,Ezequiel Tovar (42926560),Ezequiel Tovar,42926560,SS,3800,COL@CIN 04/29/2026 06:40PM ET,COL,4.47
,,,,,,,,,,,,,,,C,Adrian Del Castillo (42926561),Adrian Del Castillo,42926561,C,3800,ARI@MIL 04/29/2026 07:40PM ET,ARI,6.71
,,,,,,,,,,,,,,,OF,JJ Bleday (42926562),JJ Bleday,42926562,OF,3700,COL@CIN 04/29/2026 06:40PM ET,CIN,16
,,,,,,,,,,,,,,,SS,Konnor Griffin (42926564),Konnor Griffin,42926564,SS,3700,STL@PIT 04/29/2026 06:40PM ET,PIT,7
,,,,,,,,,,,,,,,3B,Bo Bichette (42926563),Bo Bichette,42926563,3B,3700,WSH@NYM 04/29/2026 07:10PM ET,NYM,6.24
,,,,,,,,,,,,,,,1B/SS,Jose Fernandez (42926566),Jose Fernandez,42926566,1B/SS,3600,ARI@MIL 04/29/2026 07:40PM ET,ARI,7.65
,,,,,,,,,,,,,,,2B,Nasim Nunez (42926565),Nasim Nunez,42926565,2B,3600,WSH@NYM 04/29/2026 07:10PM ET,WSH,6.85
,,,,,,,,,,,,,,,C,Francisco Alvarez (42926568),Francisco Alvarez,42926568,C,3600,WSH@NYM 04/29/2026 07:10PM ET,NYM,5.11
,,,,,,,,,,,,,,,2B/3B,Jorge Polanco (42926717),Jorge Polanco,42926717,2B/3B,3600,WSH@NYM 04/29/2026 07:10PM ET,NYM,4.5
,,,,,,,,,,,,,,,OF,Dylan Crews (42926719),Dylan Crews,42926719,OF,3600,WSH@NYM 04/29/2026 07:10PM ET,WSH,0
,,,,,,,,,,,,,,,3B,Colt Keith (42926579),Colt Keith,42926579,3B,3500,DET@ATL 04/29/2026 07:15PM ET,DET,5.3
,,,,,,,,,,,,,,,C,Yainer Diaz (42926572),Yainer Diaz,42926572,C,3500,Postponed,HOU,5.76
,,,,,,,,,,,,,,,2B,Edouard Julien (42926569),Edouard Julien,42926569,2B,3500,COL@CIN 04/29/2026 06:40PM ET,COL,6.88
,,,,,,,,,,,,,,,OF,TJ Friedl (42926570),TJ Friedl,42926570,OF,3500,COL@CIN 04/29/2026 06:40PM ET,CIN,5.3
,,,,,,,,,,,,,,,1B/OF,Troy Johnston (42926575),Troy Johnston,42926575,1B/OF,3500,COL@CIN 04/29/2026 06:40PM ET,COL,6.89
,,,,,,,,,,,,,,,OF,Brandon Marsh (42926574),Brandon Marsh,42926574,OF,3500,SF@PHI 04/29/2026 06:10PM ET,PHI,7.73
,,,,,,,,,,,,,,,C,J.T. Realmuto (42926720),J.T. Realmuto,42926720,C,3500,SF@PHI 04/29/2026 06:10PM ET,PHI,5
,,,,,,,,,,,,,,,SS,Masyn Winn (42926571),Masyn Winn,42926571,SS,3500,STL@PIT 04/29/2026 06:40PM ET,STL,7.62
,,,,,,,,,,,,,,,2B/3B,Nick Gonzales (42926577),Nick Gonzales,42926577,2B/3B,3500,STL@PIT 04/29/2026 06:40PM ET,PIT,6.74
,,,,,,,,,,,,,,,OF,Garrett Mitchell (42926573),Garrett Mitchell,42926573,OF,3500,ARI@MIL 04/29/2026 07:40PM ET,MIL,7.62
,,,,,,,,,,,,,,,1B/OF,Dominic Smith (42926581),Dominic Smith,42926581,1B/OF,3400,DET@ATL 04/29/2026 07:15PM ET,ATL,7.27
,,,,,,,,,,,,,,,SS,Ha-Seong Kim (42926722),Ha-Seong Kim,42926722,SS,3400,DET@ATL 04/29/2026 07:15PM ET,ATL,0
,,,,,,,,,,,,,,,C,Christian Vazquez (42926580),Christian Vazquez,42926580,C,3400,Postponed,HOU,7.57
,,,,,,,,,,,,,,,3B,Nolan Gorman (42926584),Nolan Gorman,42926584,3B,3400,STL@PIT 04/29/2026 06:40PM ET,STL,6.18
,,,,,,,,,,,,,,,OF,Lars Nootbaar (42926721),Lars Nootbaar,42926721,OF,3400,STL@PIT 04/29/2026 06:40PM ET,STL,0
,,,,,,,,,,,,,,,3B,Nolan Arenado (42926583),Nolan Arenado,42926583,3B,3400,ARI@MIL 04/29/2026 07:40PM ET,ARI,6.77
,,,,,,,,,,,,,,,OF,Michael Harris II (42926588),Michael Harris II,42926588,OF,3300,DET@ATL 04/29/2026 07:15PM ET,ATL,8.11
,,,,,,,,,,,,,,,1B,Spencer Torkelson (42926591),Spencer Torkelson,42926591,1B,3300,DET@ATL 04/29/2026 07:15PM ET,DET,6.69
,,,,,,,,,,,,,,,C,Sean Murphy (42926725),Sean Murphy,42926725,C,3300,DET@ATL 04/29/2026 07:15PM ET,ATL,0
,,,,,,,,,,,,,,,OF,Joey Loperfido (42926723),Joey Loperfido,42926723,OF,3300,Postponed,HOU,5
,,,,,,,,,,,,,,,2B/OF,Tyler Freeman (42926586),Tyler Freeman,42926586,2B/OF,3300,COL@CIN 04/29/2026 06:40PM ET,COL,5.06
,,,,,,,,,,,,,,,OF,Jung Hoo Lee (42926590),Jung Hoo Lee,42926590,OF,3300,SF@PHI 04/29/2026 06:10PM ET,SF,6.55
,,,,,,,,,,,,,,,C,Gary Sanchez (42926585),Gary Sanchez,42926585,C,3300,ARI@MIL 04/29/2026 07:40PM ET,MIL,8.53
,,,,,,,,,,,,,,,OF,Lourdes Gurriel Jr. (42926589),Lourdes Gurriel Jr.,42926589,OF,3300,ARI@MIL 04/29/2026 07:40PM ET,ARI,3.29
,,,,,,,,,,,,,,,3B/SS,David Hamilton (42926592),David Hamilton,42926592,3B/SS,3300,ARI@MIL 04/29/2026 07:40PM ET,MIL,6.26
,,,,,,,,,,,,,,,C,Gabriel Moreno (42926724),Gabriel Moreno,42926724,C,3300,ARI@MIL 04/29/2026 07:40PM ET,ARI,5.62
,,,,,,,,,,,,,,,OF/SS,Mauricio Dubon (42926601),Mauricio Dubon,42926601,SS/OF,3200,DET@ATL 04/29/2026 07:15PM ET,ATL,6.93
,,,,,,,,,,,,,,,OF,Leody Taveras (42926598),Leody Taveras,42926598,OF,3200,Postponed,BAL,6.21
,,,,,,,,,,,,,,,OF,Cam Smith (42926599),Cam Smith,42926599,OF,3200,Postponed,HOU,6.7
,,,,,,,,,,,,,,,2B,Matt McLain (42926595),Matt McLain,42926595,2B,3200,COL@CIN 04/29/2026 06:40PM ET,CIN,6.66
,,,,,,,,,,,,,,,3B,Casey Schmitt (42926600),Casey Schmitt,42926600,3B,3200,SF@PHI 04/29/2026 06:10PM ET,SF,7.87
,,,,,,,,,,,,,,,OF,Nathan Church (42926597),Nathan Church,42926597,OF,3200,STL@PIT 04/29/2026 06:40PM ET,STL,6.5
,,,,,,,,,,,,,,,OF,Jake Mangum (42926603),Jake Mangum,42926603,OF,3200,STL@PIT 04/29/2026 06:40PM ET,PIT,5.25
,,,,,,,,,,,,,,,1B,Pavin Smith (42926726),Pavin Smith,42926726,1B,3200,ARI@MIL 04/29/2026 07:40PM ET,ARI,5.5
,,,,,,,,,,,,,,,1B,Curtis Mead (42926594),Curtis Mead,42926594,1B,3200,WSH@NYM 04/29/2026 07:10PM ET,WSH,5.57
,,,,,,,,,,,,,,,OF,Brett Baty (42926596),Brett Baty,42926596,OF,3200,WSH@NYM 04/29/2026 07:10PM ET,NYM,5.38
,,,,,,,,,,,,,,,OF,Jake Meyers (42926728),Jake Meyers,42926728,OF,3100,Postponed,HOU,5.92
,,,,,,,,,,,,,,,1B,TJ Rumfield (42926604),TJ Rumfield,42926604,1B,3100,COL@CIN 04/29/2026 06:40PM ET,COL,6.37
,,,,,,,,,,,,,,,OF,Brenton Doyle (42926606),Brenton Doyle,42926606,OF,3100,COL@CIN 04/29/2026 06:40PM ET,COL,4.45
,,,,,,,,,,,,,,,1B,Blaine Crim (42926727),Blaine Crim,42926727,1B,3100,COL@CIN 04/29/2026 06:40PM ET,COL,0
,,,,,,,,,,,,,,,2B,Bryson Stott (42926607),Bryson Stott,42926607,2B,3100,SF@PHI 04/29/2026 06:10PM ET,PHI,4.91
,,,,,,,,,,,,,,,3B,Ramon Urias (42926608),Ramon Urias,42926608,3B,3100,STL@PIT 04/29/2026 06:40PM ET,STL,4.04
,,,,,,,,,,,,,,,OF,Jacob Young (42926605),Jacob Young,42926605,OF,3100,WSH@NYM 04/29/2026 07:10PM ET,WSH,5.32
,,,,,,,,,,,,,,,OF,Mike Yastrzemski (42926620),Mike Yastrzemski,42926620,OF,3000,DET@ATL 04/29/2026 07:15PM ET,ATL,4.67
,,,,,,,,,,,,,,,OF/SS,Javier Baez (42926622),Javier Baez,42926622,SS/OF,3000,DET@ATL 04/29/2026 07:15PM ET,DET,5.29
,,,,,,,,,,,,,,,OF,Parker Meadows (42926730),Parker Meadows,42926730,OF,3000,DET@ATL 04/29/2026 07:15PM ET,DET,5.42
,,,,,,,,,,,,,,,OF,Dylan Beavers (42926614),Dylan Beavers,42926614,OF,3000,Postponed,BAL,5.73
,,,,,,,,,,,,,,,OF,Brice Matthews (42926616),Brice Matthews,42926616,OF,3000,Postponed,HOU,4.1
,,,,,,,,,,,,,,,C,Tyler Stephenson (42926610),Tyler Stephenson,42926610,C,3000,COL@CIN 04/29/2026 06:40PM ET,CIN,3.96
,,,,,,,,,,,,,,,OF,Jordan Beck (42926612),Jordan Beck,42926612,OF,3000,COL@CIN 04/29/2026 06:40PM ET,COL,3.9
,,,,,,,,,,,,,,,OF,Heliot Ramos (42926618),Heliot Ramos,42926618,OF,3000,SF@PHI 04/29/2026 06:10PM ET,SF,6.29
,,,,,,,,,,,,,,,OF,Adolis Garcia (42926621),Adolis Garcia,42926621,OF,3000,SF@PHI 04/29/2026 06:10PM ET,PHI,5.9
,,,,,,,,,,,,,,,OF,Marcell Ozuna (42926613),Marcell Ozuna,42926613,OF,3000,STL@PIT 04/29/2026 06:40PM ET,PIT,4.28
,,,,,,,,,,,,,,,OF,Sal Frelick (42926617),Sal Frelick,42926617,OF,3000,ARI@MIL 04/29/2026 07:40PM ET,MIL,5.52
,,,,,,,,,,,,,,,OF,Alek Thomas (42926619),Alek Thomas,42926619,OF,3000,ARI@MIL 04/29/2026 07:40PM ET,ARI,6.64
,,,,,,,,,,,,,,,1B,Andrew Vaughn (42926729),Andrew Vaughn,42926729,1B,3000,ARI@MIL 04/29/2026 07:40PM ET,MIL,5
,,,,,,,,,,,,,,,1B,Mark Vientos (42926609),Mark Vientos,42926609,1B,3000,WSH@NYM 04/29/2026 07:10PM ET,NYM,4.74
,,,,,,,,,,,,,,,2B,Marcus Semien (42926611),Marcus Semien,42926611,2B,3000,WSH@NYM 04/29/2026 07:10PM ET,NYM,5.1
,,,,,,,,,,,,,,,3B,Brady House (42926615),Brady House,42926615,3B,3000,WSH@NYM 04/29/2026 07:10PM ET,WSH,6.07
,,,,,,,,,,,,,,,2B/OF,Zach McKinstry (42926733),Zach McKinstry,42926733,2B/OF,2900,DET@ATL 04/29/2026 07:15PM ET,DET,4.14
,,,,,,,,,,,,,,,3B/OF,Shay Whitcomb (42926627),Shay Whitcomb,42926627,3B/OF,2900,Postponed,HOU,2.86
,,,,,,,,,,,,,,,OF,Spencer Steer (42926624),Spencer Steer,42926624,OF,2900,COL@CIN 04/29/2026 06:40PM ET,CIN,6.3
,,,,,,,,,,,,,,,OF,Blake Dunn (42926732),Blake Dunn,42926732,OF,2900,COL@CIN 04/29/2026 06:40PM ET,CIN,0
,,,,,,,,,,,,,,,1B,Luis Garcia Jr. (42926625),Luis Garcia Jr.,42926625,1B,2900,WSH@NYM 04/29/2026 07:10PM ET,WSH,5.76
,,,,,,,,,,,,,,,OF,Carson Benge (42926626),Carson Benge,42926626,OF,2900,WSH@NYM 04/29/2026 07:10PM ET,NYM,5.38
,,,,,,,,,,,,,,,1B,Matt Mervis (42926731),Matt Mervis,42926731,1B,2900,WSH@NYM 04/29/2026 07:10PM ET,WSH,0
,,,,,,,,,,,,,,,3B,Alec Bohm (42926633),Alec Bohm,42926633,3B,2800,SF@PHI 04/29/2026 06:10PM ET,PHI,4.18
,,,,,,,,,,,,,,,C,Daniel Susac (42926735),Daniel Susac,42926735,C,2800,SF@PHI 04/29/2026 06:10PM ET,SF,5.09
,,,,,,,,,,,,,,,1B,Spencer Horwitz (42926629),Spencer Horwitz,42926629,1B,2800,STL@PIT 04/29/2026 06:40PM ET,PIT,5.26
,,,,,,,,,,,,,,,C,Joey Bart (42926634),Joey Bart,42926634,C,2800,STL@PIT 04/29/2026 06:40PM ET,PIT,3.13
,,,,,,,,,,,,,,,OF,Brandon Lockridge (42926632),Brandon Lockridge,42926632,OF,2800,ARI@MIL 04/29/2026 07:40PM ET,MIL,5.7
,,,,,,,,,,,,,,,2B/3B,Jorbit Vivas (42926630),Jorbit Vivas,42926630,2B/3B,2800,WSH@NYM 04/29/2026 07:10PM ET,WSH,4.38
,,,,,,,,,,,,,,,OF,Colton Cowser (42926638),Colton Cowser,42926638,OF,2700,Postponed,BAL,2.88
,,,,,,,,,,,,,,,OF,Dane Myers (42926637),Dane Myers,42926637,OF,2700,COL@CIN 04/29/2026 06:40PM ET,CIN,3.96
,,,,,,,,,,,,,,,1B/3B,Luis Rengifo (42926635),Luis Rengifo,42926635,1B/3B,2700,ARI@MIL 04/29/2026 07:40PM ET,MIL,4.25
,,,,,,,,,,,,,,,OF,Blake Perkins (42926639),Blake Perkins,42926639,OF,2700,ARI@MIL 04/29/2026 07:40PM ET,MIL,3.5
,,,,,,,,,,,,,,,C,Keibert Ruiz (42926640),Keibert Ruiz,42926640,C,2700,WSH@NYM 04/29/2026 07:10PM ET,WSH,4.17
,,,,,,,,,,,,,,,3B/OF,Blaze Alexander (42926641),Blaze Alexander,42926641,3B/OF,2600,Postponed,BAL,3.17
,,,,,,,,,,,,,,,OF,Jake McCarthy (42926644),Jake McCarthy,42926644,OF,2600,COL@CIN 04/29/2026 06:40PM ET,COL,5.3
,,,,,,,,,,,,,,,C,Jose Trevino (42926645),Jose Trevino,42926645,C,2600,COL@CIN 04/29/2026 06:40PM ET,CIN,1.25
,,,,,,,,,,,,,,,OF,Noelvi Marte (42926736),Noelvi Marte,42926736,OF,2600,COL@CIN 04/29/2026 06:40PM ET,CIN,2.27
,,,,,,,,,,,,,,,OF,Justin Crawford (42926643),Justin Crawford,42926643,OF,2600,SF@PHI 04/29/2026 06:10PM ET,PHI,5.08
,,,,,,,,,,,,,,,OF/SS,Jorge Mateo (42926649),Jorge Mateo,42926649,SS/OF,2500,DET@ATL 04/29/2026 07:15PM ET,ATL,4.73
,,,,,,,,,,,,,,,OF,Jahmai Jones (42926656),Jahmai Jones,42926656,OF,2500,DET@ATL 04/29/2026 07:15PM ET,DET,3.06
,,,,,,,,,,,,,,,3B,Coby Mayo (42926651),Coby Mayo,42926651,3B,2500,Postponed,BAL,5.29
,,,,,,,,,,,,,,,1B/3B,Christian Encarnacion-Strand (42926739),Christian Encarnacion-Strand,42926739,1B/3B,2500,Postponed,BAL,0
,,,,,,,,,,,,,,,OF,Zach Cole (42926741),Zach Cole,42926741,OF,2500,Postponed,HOU,0
,,,,,,,,,,,,,,,3B,Kyle Karros (42926646),Kyle Karros,42926646,3B,2500,COL@CIN 04/29/2026 06:40PM ET,COL,4.57
,,,,,,,,,,,,,,,OF,Drew Gilbert (42926652),Drew Gilbert,42926652,OF,2500,SF@PHI 04/29/2026 06:10PM ET,SF,5.25
,,,,,,,,,,,,,,,C,Patrick Bailey (42926660),Patrick Bailey,42926660,C,2500,SF@PHI 04/29/2026 06:10PM ET,SF,3.44
,,,,,,,,,,,,,,,OF,Harrison Bader (42926742),Harrison Bader,42926742,OF,2500,SF@PHI 04/29/2026 06:10PM ET,SF,3
,,,,,,,,,,,,,,,C,Pedro Pages (42926648),Pedro Pages,42926648,C,2500,STL@PIT 04/29/2026 06:40PM ET,STL,6.32
,,,,,,,,,,,,,,,OF,Billy Cook (42926655),Billy Cook,42926655,OF,2500,STL@PIT 04/29/2026 06:40PM ET,PIT,1.61
,,,,,,,,,,,,,,,2B/OF,Jose Fermin (42926657),Jose Fermin,42926657,2B/OF,2500,STL@PIT 04/29/2026 06:40PM ET,STL,4.08
,,,,,,,,,,,,,,,3B/SS,Jared Triolo (42926744),Jared Triolo,42926744,3B/SS,2500,STL@PIT 04/29/2026 06:40PM ET,PIT,4.83
,,,,,,,,,,,,,,,OF,Jorge Barrosa (42926653),Jorge Barrosa,42926653,OF,2500,ARI@MIL 04/29/2026 07:40PM ET,ARI,4.57
,,,,,,,,,,,,,,,1B,Tyler Black (42926654),Tyler Black,42926654,1B,2500,ARI@MIL 04/29/2026 07:40PM ET,MIL,9
,,,,,,,,,,,,,,,1B,Carlos Santana (42926743),Carlos Santana,42926743,1B,2500,ARI@MIL 04/29/2026 07:40PM ET,ARI,1.75
,,,,,,,,,,,,,,,OF,MJ Melendez (42926647),MJ Melendez,42926647,OF,2500,WSH@NYM 04/29/2026 07:10PM ET,NYM,5.33
,,,,,,,,,,,,,,,C,Drew Millas (42926659),Drew Millas,42926659,C,2500,WSH@NYM 04/29/2026 07:10PM ET,WSH,2.36
,,,,,,,,,,,,,,,1B/OF,Jared Young (42926737),Jared Young,42926737,1B/OF,2500,WSH@NYM 04/29/2026 07:10PM ET,NYM,3.36
,,,,,,,,,,,,,,,C,Jonah Heim (42926667),Jonah Heim,42926667,C,2400,DET@ATL 04/29/2026 07:15PM ET,ATL,4.78
,,,,,,,,,,,,,,,OF,Matt Vierling (42926668),Matt Vierling,42926668,OF,2400,DET@ATL 04/29/2026 07:15PM ET,DET,4.13
,,,,,,,,,,,,,,,3B,Nacho Alvarez Jr. (42926750),Nacho Alvarez Jr.,42926750,3B,2400,DET@ATL 04/29/2026 07:15PM ET,ATL,0
,,,,,,,,,,,,,,,OF,Zach Dezenzo (42926747),Zach Dezenzo,42926747,OF,2400,Postponed,HOU,0
,,,,,,,,,,,,,,,1B,Nathaniel Lowe (42926663),Nathaniel Lowe,42926663,1B,2400,COL@CIN 04/29/2026 06:40PM ET,CIN,6.5
,,,,,,,,,,,,,,,2B/3B,Edmundo Sosa (42926664),Edmundo Sosa,42926664,2B/3B,2400,SF@PHI 04/29/2026 06:10PM ET,PHI,4.93
,,,,,,,,,,,,,,,OF,Johan Rojas (42926751),Johan Rojas,42926751,OF,2400,SF@PHI 04/29/2026 06:10PM ET,PHI,0
,,,,,,,,,,,,,,,C,Henry Davis (42926669),Henry Davis,42926669,C,2400,STL@PIT 04/29/2026 06:40PM ET,PIT,3.35
,,,,,,,,,,,,,,,C,James McCann (42926666),James McCann,42926666,C,2400,ARI@MIL 04/29/2026 07:40PM ET,ARI,3.31
,,,,,,,,,,,,,,,3B/OF,Jordan Lawlar (42926748),Jordan Lawlar,42926748,3B/OF,2400,ARI@MIL 04/29/2026 07:40PM ET,ARI,7.67
,,,,,,,,,,,,,,,3B/SS,Jose Tena (42926661),Jose Tena,42926661,3B/SS,2400,WSH@NYM 04/29/2026 07:10PM ET,WSH,4
,,,,,,,,,,,,,,,1B,Eric Wagaman (42926746),Eric Wagaman,42926746,1B,2400,WSH@NYM 04/29/2026 07:10PM ET,NYM,0
,,,,,,,,,,,,,,,SS,Trey Sweeney (42926753),Trey Sweeney,42926753,SS,2300,DET@ATL 04/29/2026 07:15PM ET,DET,0
,,,,,,,,,,,,,,,3B/OF,Weston Wilson (42926672),Weston Wilson,42926672,3B/OF,2300,Postponed,BAL,5.67
,,,,,,,,,,,,,,,OF,Taylor Trammell (42926752),Taylor Trammell,42926752,OF,2300,Postponed,HOU,6.6
,,,,,,,,,,,,,,,OF,Rece Hinds (42926670),Rece Hinds,42926670,OF,2300,COL@CIN 04/29/2026 06:40PM ET,CIN,4
,,,,,,,,,,,,,,,C,Eric Haase (42926674),Eric Haase,42926674,C,2300,SF@PHI 04/29/2026 06:10PM ET,SF,9
,,,,,,,,,,,,,,,C,Rafael Marchan (42926676),Rafael Marchan,42926676,C,2300,SF@PHI 04/29/2026 06:10PM ET,PHI,2.5
,,,,,,,,,,,,,,,SS,Joey Ortiz (42926675),Joey Ortiz,42926675,SS,2300,ARI@MIL 04/29/2026 07:40PM ET,MIL,4.46
,,,,,,,,,,,,,,,OF,Tyrone Taylor (42926671),Tyrone Taylor,42926671,OF,2300,WSH@NYM 04/29/2026 07:10PM ET,NYM,3.19
,,,,,,,,,,,,,,,OF,Eli White (42926688),Eli White,42926688,OF,2200,DET@ATL 04/29/2026 07:15PM ET,ATL,3.81
,,,,,,,,,,,,,,,OF,Wenceel Perez (42926690),Wenceel Perez,42926690,OF,2200,DET@ATL 04/29/2026 07:15PM ET,DET,3.13
,,,,,,,,,,,,,,,OF,Dustin Harris (42926684),Dustin Harris,42926684,OF,2200,Postponed,HOU,4.75
,,,,,,,,,,,,,,,C,Brett Sullivan (42926679),Brett Sullivan,42926679,C,2200,COL@CIN 04/29/2026 06:40PM ET,COL,3.12
,,,,,,,,,,,,,,,OF,Will Benson (42926681),Will Benson,42926681,OF,2200,COL@CIN 04/29/2026 06:40PM ET,CIN,2.46
,,,,,,,,,,,,,,,C,P.J. Higgins (42926754),P.J. Higgins,42926754,C,2200,COL@CIN 04/29/2026 06:40PM ET,CIN,1.67
,,,,,,,,,,,,,,,1B/OF,Jerar Encarnacion (42926686),Jerar Encarnacion,42926686,1B/OF,2200,SF@PHI 04/29/2026 06:10PM ET,SF,1.71
,,,,,,,,,,,,,,,C,Garrett Stubbs (42926689),Garrett Stubbs,42926689,C,2200,SF@PHI 04/29/2026 06:10PM ET,PHI,4
,,,,,,,,,,,,,,,OF/SS,Thomas Saggese (42926677),Thomas Saggese,42926677,SS/OF,2200,STL@PIT 04/29/2026 06:40PM ET,STL,2.94
,,,,,,,,,,,,,,,3B,Nick Yorke (42926680),Nick Yorke,42926680,3B,2200,STL@PIT 04/29/2026 06:40PM ET,PIT,4.43
,,,,,,,,,,,,,,,OF,Victor Scott II (42926683),Victor Scott II,42926683,OF,2200,STL@PIT 04/29/2026 06:40PM ET,STL,3.64
,,,,,,,,,,,,,,,OF,Tim Tawa (42926685),Tim Tawa,42926685,OF,2200,ARI@MIL 04/29/2026 07:40PM ET,ARI,3.41
,,,,,,,,,,,,,,,OF,Austin Slater (42926682),Austin Slater,42926682,OF,2200,WSH@NYM 04/29/2026 07:10PM ET,NYM,2.42
,,,,,,,,,,,,,,,OF,Daniel Johnson (42926695),Daniel Johnson,42926695,OF,2100,Postponed,HOU,1.75
,,,,,,,,,,,,,,,3B,Ke'Bryan Hayes (42926691),Ke'Bryan Hayes,42926691,3B,2100,COL@CIN 04/29/2026 06:40PM ET,CIN,2.58
,,,,,,,,,,,,,,,2B/SS,Christian Koss (42926693),Christian Koss,42926693,2B/SS,2100,SF@PHI 04/29/2026 06:10PM ET,SF,0.71
,,,,,,,,,,,,,,,OF,Felix Reyes (42926697),Felix Reyes,42926697,OF,2100,SF@PHI 04/29/2026 06:10PM ET,PHI,4.4
,,,,,,,,,,,,,,,C,Aramis Garcia (42926696),Aramis Garcia,42926696,C,2100,ARI@MIL 04/29/2026 07:40PM ET,ARI,1
,,,,,,,,,,,,,,,C,Luis Torrens (42926692),Luis Torrens,42926692,C,2100,WSH@NYM 04/29/2026 07:10PM ET,NYM,3.09
,,,,,,,,,,,,,,,C,Jake Rogers (42926698),Jake Rogers,42926698,C,2000,DET@ATL 04/29/2026 07:15PM ET,DET,3.7
,,,,,,,,,,,,,,,1B/3B,Kyle Farmer (42926705),Kyle Farmer,42926705,1B/3B,2000,DET@ATL 04/29/2026 07:15PM ET,ATL,3.17
,,,,,,,,,,,,,,,3B,Hao-Yu Lee (42926708),Hao-Yu Lee,42926708,3B,2000,DET@ATL 04/29/2026 07:15PM ET,DET,4.75
,,,,,,,,,,,,,,,C,Thayron Liranzo (42926764),Thayron Liranzo,42926764,C,2000,DET@ATL 04/29/2026 07:15PM ET,DET,0
,,,,,,,,,,,,,,,C,Eduardo Valencia (42926765),Eduardo Valencia,42926765,C,2000,DET@ATL 04/29/2026 07:15PM ET,DET,0
,,,,,,,,,,,,,,,OF,Trei Cruz (42926775),Trei Cruz,42926775,OF,2000,DET@ATL 04/29/2026 07:15PM ET,DET,0
,,,,,,,,,,,,,,,OF,Jurickson Profar (42926788),Jurickson Profar,42926788,OF,2000,DET@ATL 04/29/2026 07:15PM ET,ATL,0
,,,,,,,,,,,,,,,3B,Jace Jung (42926799),Jace Jung,42926799,3B,2000,DET@ATL 04/29/2026 07:15PM ET,DET,0
,,,,,,,,,,,,,,,2B,Braden Shewmake (42926709),Braden Shewmake,42926709,2B,2000,Postponed,HOU,7
,,,,,,,,,,,,,,,OF,Heston Kjerstad (42926756),Heston Kjerstad,42926756,OF,2000,Postponed,BAL,0
,,,,,,,,,,,,,,,1B,Ryan Mountcastle (42926760),Ryan Mountcastle,42926760,1B,2000,Postponed,BAL,2.25
,,,,,,,,,,,,,,,OF,Reed Trimble (42926771),Reed Trimble,42926771,OF,2000,Postponed,BAL,0
,,,,,,,,,,,,,,,SS,Nick Allen (42926798),Nick Allen,42926798,SS,2000,Postponed,HOU,2.21
,,,,,,,,,,,,,,,OF,Johnathan Rodriguez (42926800),Johnathan Rodriguez,42926800,OF,2000,Postponed,BAL,1.6
,,,,,,,,,,,,,,,C,Maverick Handley (42926814),Maverick Handley,42926814,C,2000,Postponed,BAL,0
,,,,,,,,,,,,,,,C,Braxton Fulford (42926759),Braxton Fulford,42926759,C,2000,COL@CIN 04/29/2026 06:40PM ET,COL,7
,,,,,,,,,,,,,,,2B/3B,Edwin Arroyo (42926777),Edwin Arroyo,42926777,2B/3B,2000,COL@CIN 04/29/2026 06:40PM ET,CIN,0
,,,,,,,,,,,,,,,SS,Leo Balcazar (42926779),Leo Balcazar,42926779,SS,2000,COL@CIN 04/29/2026 06:40PM ET,CIN,0
,,,,,,,,,,,,,,,OF,Hector Rodriguez (42926785),Hector Rodriguez,42926785,OF,2000,COL@CIN 04/29/2026 06:40PM ET,CIN,0
,,,,,,,,,,,,,,,OF,Sterlin Thompson (42926787),Sterlin Thompson,42926787,OF,2000,COL@CIN 04/29/2026 06:40PM ET,COL,0
,,,,,,,,,,,,,,,3B/OF,Kris Bryant (42926789),Kris Bryant,42926789,3B/OF,2000,COL@CIN 04/29/2026 06:40PM ET,COL,0
,,,,,,,,,,,,,,,OF,Zac Veen (42926796),Zac Veen,42926796,OF,2000,COL@CIN 04/29/2026 06:40PM ET,COL,0
,,,,,,,,,,,,,,,2B,Adael Amador (42926797),Adael Amador,42926797,2B,2000,COL@CIN 04/29/2026 06:40PM ET,COL,0
,,,,,,,,,,,,,,,2B,Ryan Ritter (42926811),Ryan Ritter,42926811,2B,2000,COL@CIN 04/29/2026 06:40PM ET,COL,0.83
,,,,,,,,,,,,,,,2B/OF,Dylan Moore (42926701),Dylan Moore,42926701,2B/OF,2000,SF@PHI 04/29/2026 06:10PM ET,PHI,1.31
,,,,,,,,,,,,,,,OF,Will Brennan (42926703),Will Brennan,42926703,OF,2000,SF@PHI 04/29/2026 06:10PM ET,SF,0
,,,,,,,,,,,,,,,SS,Christian Cairo (42926762),Christian Cairo,42926762,SS,2000,SF@PHI 04/29/2026 06:10PM ET,PHI,0
,,,,,,,,,,,,,,,OF,Gabriel Rincones Jr. (42926768),Gabriel Rincones Jr.,42926768,OF,2000,SF@PHI 04/29/2026 06:10PM ET,PHI,0
,,,,,,,,,,,,,,,C,Jesus Rodriguez (42926776),Jesus Rodriguez,42926776,C,2000,SF@PHI 04/29/2026 06:10PM ET,SF,0
,,,,,,,,,,,,,,,C,Diego Cartaya (42926786),Diego Cartaya,42926786,C,2000,SF@PHI 04/29/2026 06:10PM ET,SF,0
,,,,,,,,,,,,,,,1B,Bryce Eldridge (42926793),Bryce Eldridge,42926793,1B,2000,SF@PHI 04/29/2026 06:10PM ET,SF,0
,,,,,,,,,,,,,,,OF,Grant McCray (42926801),Grant McCray,42926801,OF,2000,SF@PHI 04/29/2026 06:10PM ET,SF,0
,,,,,,,,,,,,,,,1B/OF,Otto Kemp (42926804),Otto Kemp,42926804,1B/OF,2000,SF@PHI 04/29/2026 06:10PM ET,PHI,1
,,,,,,,,,,,,,,,OF,Jared Oliva (42926807),Jared Oliva,42926807,OF,2000,SF@PHI 04/29/2026 06:10PM ET,SF,1.43
,,,,,,,,,,,,,,,OF,Steward Berroa (42926815),Steward Berroa,42926815,OF,2000,SF@PHI 04/29/2026 06:10PM ET,PHI,0
,,,,,,,,,,,,,,,C,Yohel Pozo (42926704),Yohel Pozo,42926704,C,2000,STL@PIT 04/29/2026 06:40PM ET,STL,1.56
,,,,,,,,,,,,,,,C,Jimmy Crooks (42926757),Jimmy Crooks,42926757,C,2000,STL@PIT 04/29/2026 06:40PM ET,STL,0
,,,,,,,,,,,,,,,C,Leo Bernal (42926763),Leo Bernal,42926763,C,2000,STL@PIT 04/29/2026 06:40PM ET,STL,0
,,,,,,,,,,,,,,,2B/OF,Bryan Torres (42926769),Bryan Torres,42926769,2B/OF,2000,STL@PIT 04/29/2026 06:40PM ET,STL,0
,,,,,,,,,,,,,,,OF,Esmerlyn Valdez (42926780),Esmerlyn Valdez,42926780,OF,2000,STL@PIT 04/29/2026 06:40PM ET,PIT,0
,,,,,,,,,,,,,,,SS,Jack Brannigan (42926781),Jack Brannigan,42926781,SS,2000,STL@PIT 04/29/2026 06:40PM ET,PIT,0
,,,,,,,,,,,,,,,OF,Joshua Baez (42926782),Joshua Baez,42926782,OF,2000,STL@PIT 04/29/2026 06:40PM ET,STL,0
,,,,,,,,,,,,,,,1B/C,Endy Rodriguez (42926794),Endy Rodriguez,42926794,C/1B,2000,STL@PIT 04/29/2026 06:40PM ET,PIT,0
,,,,,,,,,,,,,,,OF,Tyler Callihan (42926802),Tyler Callihan,42926802,OF,2000,STL@PIT 04/29/2026 06:40PM ET,PIT,0
,,,,,,,,,,,,,,,1B,Rafael Flores (42926803),Rafael Flores,42926803,1B,2000,STL@PIT 04/29/2026 06:40PM ET,PIT,0
,,,,,,,,,,,,,,,3B/SS,Cesar Prieto (42926808),Cesar Prieto,42926808,3B/SS,2000,STL@PIT 04/29/2026 06:40PM ET,STL,0
,,,,,,,,,,,,,,,OF,Jhostynxon Garcia (42926813),Jhostynxon Garcia,42926813,OF,2000,STL@PIT 04/29/2026 06:40PM ET,PIT,0
,,,,,,,,,,,,,,,OF,Greg Jones (42926707),Greg Jones,42926707,OF,2000,ARI@MIL 04/29/2026 07:40PM ET,MIL,1.62
,,,,,,,,,,,,,,,1B,Tyler Locklear (42926755),Tyler Locklear,42926755,1B,2000,ARI@MIL 04/29/2026 07:40PM ET,ARI,0
,,,,,,,,,,,,,,,SS,Cooper Pratt (42926761),Cooper Pratt,42926761,SS,2000,ARI@MIL 04/29/2026 07:40PM ET,MIL,0
,,,,,,,,,,,,,,,1B/3B,Jesus Valdez (42926766),Jesus Valdez,42926766,1B/3B,2000,ARI@MIL 04/29/2026 07:40PM ET,ARI,0
,,,,,,,,,,,,,,,OF,Akil Baddoo (42926791),Akil Baddoo,42926791,OF,2000,ARI@MIL 04/29/2026 07:40PM ET,MIL,0
,,,,,,,,,,,,,,,C,Jeferson Quero (42926810),Jeferson Quero,42926810,C,2000,ARI@MIL 04/29/2026 07:40PM ET,MIL,2
,,,,,,,,,,,,,,,3B/SS,Ronny Mauricio (42926699),Ronny Mauricio,42926699,3B/SS,2000,WSH@NYM 04/29/2026 07:10PM ET,NYM,3.5
,,,,,,,,,,,,,,,C,Harry Ford (42926758),Harry Ford,42926758,C,2000,WSH@NYM 04/29/2026 07:10PM ET,WSH,0
,,,,,,,,,,,,,,,OF,Christian Franklin (42926772),Christian Franklin,42926772,OF,2000,WSH@NYM 04/29/2026 07:10PM ET,WSH,0
,,,,,,,,,,,,,,,2B/OF,Nick Morabito (42926773),Nick Morabito,42926773,2B/OF,2000,WSH@NYM 04/29/2026 07:10PM ET,NYM,0
,,,,,,,,,,,,,,,1B/OF,Abimelec Ortiz (42926783),Abimelec Ortiz,42926783,1B/OF,2000,WSH@NYM 04/29/2026 07:10PM ET,WSH,0
,,,,,,,,,,,,,,,OF,Robert Hassell III (42926792),Robert Hassell III,42926792,OF,2000,WSH@NYM 04/29/2026 07:10PM ET,WSH,0
,,,,,,,,,,,,,,,C,Hayden Senger (42926806),Hayden Senger,42926806,C,2000,WSH@NYM 04/29/2026 07:10PM ET,NYM,0
,,,,,,,,,,,,,,,1B,Andres Chaparro (42926812),Andres Chaparro,42926812,1B,2000,WSH@NYM 04/29/2026 07:10PM ET,WSH,3